qseqid	sseqid	pident	align_len	mismatch	gapopen	qstart	qend	sstart	send	evalue	bitscore	qlen	slen	qcovhsp	scovhsp	stitle
SRR25884626|k141_4533/Salivirus/4578/4266-4098/2.9157618691588785	YP_009407943.1	61.0	1511	553	10	4577	114	649	2145	0.0	1861.0	4578	2145	97.5	69.8	YP_009407943.1 RNA-dependent RNA polymerase, partial [Lasius niger virus 1]
SRR25884626|k141_1755/Avisivirus/7209/4620-4587/1.3957950458715596	YP_009345893.1	40.5	2328	1138	35	6771	373	1233	3508	0.0	1575.0	7209	3531	88.8	64.5	YP_009345893.1 hypothetical protein [Wuhan insect virus 12]
SRR25884626|k141_638/Aphthovirus/3754/3672-3720/1.3162269523809524	YP_009380528.1	53.5	1274	523	18	3	3752	168	1395	0.0	1272.0	3754	2000	99.9	61.4	YP_009380528.1 P1 [Aphis glycines virus 3]
SRR25884626|k141_5766/Tremovirus/5329/3648-3747/1.82794652892562	NP_046156.1	63.8	790	274	6	2454	4811	3	784	0.0	985.0	5329	818	44.2	95.6	NP_046156.1 structural polyprotein [Rhopalosiphum padi virus]
SRR33227722|k141_89659/Recovirus/8979/6450-6405/1.515680990990991	YP_010675372.1	44.5	834	443	9	3151	5622	1	824	8.96e-221	694.0	8979	825	27.5	99.9	YP_010675372.1 hypothetical protein PQD12_gp24 [Enterobacter phage vB_EclS_CobraSix]
SRR25884626|k141_1424/Salivirus/12348/7875-8043/2.0751193457943926	YP_009407905.1	28.3	2124	1249	61	6266	12052	202	2247	8.020000000000001e-200	680.0	12348	2268	46.9	90.2	YP_009407905.1 RNA-dependent RNA polymerase [Lasius neglectus virus 1]
SRR25884626|k141_3411/Salivirus/3059/2483-2315/2.704120747663552	YP_009407943.1	37.8	1041	594	20	3055	17	562	1577	1.01e-216	678.0	3059	2145	99.3	47.4	YP_009407943.1 RNA-dependent RNA polymerase, partial [Lasius niger virus 1]
SRR30793086|k141_4075/Aquamavirus/2777/824-779/1.0480461788617883	NP_073538.1	58.2	541	203	9	1135	2712	1	533	2.39e-205	598.0	2777	533	56.8	100.0	NP_073538.1 major capsid protein [Bdellovibrio phage phiMH2K]
SRR25884626|k141_4151/Astroviridae/3654/606-759/8.980281512605043	YP_009664783.1	60.0	415	165	1	7	1251	56	469	8.1e-179	537.0	3654	470	34.1	88.1	YP_009664783.1 non-structural polyprotein 1AB, partial [Bat astrovirus Tm/Guangxi/LD77/2007]
SRR25884626|k141_5917/Lagovirus/2049/1104-1041/1.2368361616161616	YP_009407943.1	50.3	503	246	3	2032	536	1643	2145	1.23e-159	510.0	2049	2145	73.1	23.4	YP_009407943.1 RNA-dependent RNA polymerase, partial [Lasius niger virus 1]
SRR25884626|k141_1281/Teschovirus/1524/15-162/2.016003129251701	YP_009407905.1	53.5	520	206	12	3	1520	793	1290	5.5700000000000004e-160	504.0	1524	2268	99.6	22.0	YP_009407905.1 RNA-dependent RNA polymerase [Lasius neglectus virus 1]
SRR33227722|k141_59634/Avisivirus/53323/14553-14598/1.1044668518518517	YP_009015561.1	56.6	417	172	6	17965	16736	5	419	1.81e-147	472.0	53323	436	2.3	95.2	YP_009015561.1 gp258 [Bacillus phage G]
SRR33769967|k141_34205/Aphthovirus/4333/2470-2428/1.1787585185185183	NP_795461.1	44.6	570	311	4	4154	2448	13	578	1.58e-149	470.0	4333	584	39.4	96.9	NP_795461.1 hypothetical protein SpyM3_0946 [Streptococcus phage 315.2]
SRR33769967|k141_30144/Avastrovirus/4472/2727-2766/1.6966877906976745	YP_009849082.1	49.8	478	227	3	4472	3075	80	556	2.08e-145	468.0	4472	805	31.3	59.3	YP_009849082.1 DNA helicase [Corynebacterium phage Adelaide]
SRR25884626|k141_2048/Torchivirus/991/570-642/1.6955882291666668	YP_009380528.1	66.1	330	111	1	2	991	1448	1776	1.69e-145	454.0	991	2000	99.9	16.5	YP_009380528.1 P1 [Aphis glycines virus 3]
SRR33769967|k141_55867/Cosavirus/2464/1596-1623/1.0495065454545456	YP_009103084.1	42.6	791	447	1	2463	112	296	1086	1.95e-143	454.0	2464	1135	95.5	69.7	YP_009103084.1 tail length tape measure protein [Enterococcus phage EFC-1]
SRR31341451|k141_2788/Poecivirus/66927/21150-21213/1.0695497272727272	YP_009624866.1	55.4	428	177	5	45403	44141	1	421	5.629999999999999e-131	424.0	66927	421	1.9	100.0	YP_009624866.1 four-carbon acid sugar kinase family protein [Escherichia phage RCS47]
SRR25884626|k141_534/Potamipivirus/1030/802-748/1.6186820472440946	YP_009508298.1	58.3	343	140	2	1030	2	703	1042	4.639999999999999e-128	407.0	1030	2143	99.9	15.9	YP_009508298.1 polyprotein [Shanbavirus A]
SRR33227722|k141_75893/Lagovirus/697/73-40/1.0079355555555556	YP_010675380.1	86.3	219	30	0	691	35	157	375	6.73e-134	386.0	697	431	94.3	50.8	YP_010675380.1 integrase [Enterobacter phage vB_EclS_CobraSix]
SRR25884626|k141_89/Lagovirus/1494/690-771/1.1733474590163937	YP_009329869.1	41.0	442	252	7	142	1461	34	468	4.71e-122	368.0	1494	468	88.4	92.9	YP_009329869.1 RdRp [Beihai barnacle virus 13]
SRR31341451|k141_23980/Sapovirus/3705/69-138/1.009608903508772	YP_010780954.1	55.4	327	142	3	2661	1687	1	325	5.49e-112	356.0	3705	333	26.3	97.6	YP_010780954.1 UDP-glucose 4-epimerase GalE [Tupanvirus deep ocean]
SRR25884626|k141_3923/Tottorivirus/758/290-119/1.211116551724138	YP_009345893.1	59.5	252	102	0	758	3	346	597	1.4400000000000002e-103	332.0	758	3531	99.7	7.1	YP_009345893.1 hypothetical protein [Wuhan insect virus 12]
SRR31341451|k141_45797/Tremovirus/2124/1893-1875/1.209804109090909	YP_009799271.1	81.1	196	36	1	1	585	391	586	8.840000000000001e-103	329.0	2124	586	27.5	33.4	YP_009799271.1 terminase large subunit [Yersinia phage YpP-Y]
SRR25884626|k141_1133/Harkavirus/493/405-468/2.295944	NP_046155.1	96.3	164	6	0	2	493	1510	1673	4.25e-103	327.0	493	1998	99.8	8.2	NP_046155.1 nonstructural polyprotein [Rhopalosiphum padi virus]
SRR25884626|k141_1679/Astroviridae/2764/579-651/1.2231617142857143	YP_009337376.1	41.0	437	242	9	1412	2710	14	438	1.33e-100	324.0	2764	441	47.0	96.4	YP_009337376.1 hypothetical protein 2 [Wenzhou sobemo-like virus 4]
SRR25884626|k141_1398/Torchivirus/958/133-22/2.7634340625000005	YP_010802428.1	50.6	320	156	2	957	1	1316	1634	2.09e-99	323.0	958	1954	99.9	16.3	YP_010802428.1 putative non-structural polyprotein [Solenopsis invicta virus 6]
SRR25884626|k141_3337/Caliciviridae/472/156-291/1.3287505217391304	NP_733845.1	98.1	157	3	0	1	471	1856	2012	5.43e-100	317.0	472	2035	99.8	7.7	NP_733845.1 nonstructural polyprotein [Aphid lethal paralysis virus]
SRR25884626|k141_5798/Harkavirus/445/316-268/2.7984747142857143	NP_733845.1	97.3	147	4	0	443	3	1638	1784	2.99e-94	300.0	445	2035	99.1	7.2	NP_733845.1 nonstructural polyprotein [Aphid lethal paralysis virus]
SRR25884626|k141_3722/Rafivirus/1497/594-678/1.2927743362831858	YP_009337869.1	41.2	369	211	4	322	1416	5	371	8.71e-97	300.0	1497	382	73.1	96.1	YP_009337869.1 RdRp [Wenzhou shrimp virus 9]
SRR33769967|k141_37603/Norovirus/16331/8726-8654/1.033786298701299	YP_009900395.1	52.4	307	140	5	6835	5924	2	305	9.28e-89	296.0	16331	309	5.6	98.4	YP_009900395.1 cysteine synthase [Lactococcus phage LW31]
SRR25884626|k141_4707/Tremovirus/628/471-570/2.392110082644628	YP_009389288.1	62.8	207	77	0	6	626	210	416	8.82e-93	289.0	628	753	98.9	27.5	YP_009389288.1 structural protein precursor [Big Sioux River virus]
SRR33769967|k141_32095/Potamipivirus/1029/249-348/1.2602588034188034	YP_009839716.1	62.6	227	84	1	167	844	4	230	9.67e-97	289.0	1029	234	65.9	97.0	YP_009839716.1 thymidylate synthase [Streptomyces phage Wofford]
SRR25884626|k141_4086/Kunsagivirus/642/177-339/6.222502459016393	YP_009508298.1	68.0	200	64	0	2	601	1141	1340	4.06e-88	286.0	642	2143	93.5	9.3	YP_009508298.1 polyprotein [Shanbavirus A]
SRR25884626|k141_4162/Avisivirus/983/551-494/1.0547089380530972	YP_009330130.1	58.2	225	93	1	310	981	7	231	6.139999999999999e-91	278.0	983	372	68.4	60.5	YP_009330130.1 hypothetical protein [Hubei sobemo-like virus 41]
SRR33227722|k141_70569/Gallivirus/492/351-309/1.04875575	YP_009882597.1	80.4	163	32	0	3	491	54	216	6.1e-91	278.0	492	581	99.4	28.1	YP_009882597.1 DNA primase [Klebsiella phage ST147-VIM1phi7.1]
SRR33769967|k141_23637/Vesivirus/4911/2022-2055/1.8618172727272728	YP_009837543.1	46.9	350	155	10	4909	3926	27	367	1.66e-76	272.0	4911	680	20.0	50.1	YP_009837543.1 hypothetical protein HWB56_gp05 [Anoxybacillus phage A403]
SRR25884626|k141_461/Potamipivirus/442/139-4/1.6391401459854014	YP_009407905.1	85.6	146	21	0	440	3	687	832	4.25e-83	268.0	442	2268	99.1	6.4	YP_009407905.1 RNA-dependent RNA polymerase [Lasius neglectus virus 1]
SRR30793086|k141_55229/Astroviridae/789/768-654/5.30534696969697	YP_009664789.1	52.2	291	96	10	770	21	337	625	1.75e-82	266.0	789	850	95.1	34.0	YP_009664789.1 capsid protein precursor [Mamastrovirus 18]
SRR25884626|k141_2616/Torchivirus/622/57-147/1.5726090163934427	YP_009508298.1	56.5	207	90	0	1	621	345	551	1.08e-80	265.0	622	2143	99.8	9.7	YP_009508298.1 polyprotein [Shanbavirus A]
SRR33227722|k141_94379/Poecivirus/1925/1404-1455/1.206287909090909	YP_009910032.1	56.3	252	84	5	2	745	151	380	5.12e-81	263.0	1925	380	38.6	60.5	YP_009910032.1 porin OmpC [Escherichia phage 2G7b]
SRR31861042|k141_53751/Crohivirus/945/801-849/1.0956862096774194	NP_958229.1	65.5	197	66	2	347	934	1	196	5.3700000000000004e-86	263.0	945	306	62.2	64.1	NP_958229.1 IS3-like element IS911 family transposase [Shigella phage Sf6]
SRR33769967|k141_45750/Vesivirus/1693/306-351/1.0184409239130434	YP_009015381.1	37.4	423	240	6	195	1403	4	421	7.290000000000001e-79	258.0	1693	442	71.4	94.6	YP_009015381.1 clamp loader of DNA polymerase [Bacillus phage G]
SRR31341451|k141_22024/Passerivirus/2326/1225-1186/1.34698203539823	YP_009276959.1	54.3	221	100	1	609	1271	4	223	4.16e-75	245.0	2326	223	28.5	98.7	YP_009276959.1 SocA family protein (endogenous virus) [Clostridium phage phiCT19406B]
SRR25884626|k141_4089/Tremovirus/534/285-372/3.0456233884297523	YP_009336541.1	67.2	177	55	1	3	524	276	452	7.7e-76	244.0	534	773	97.8	22.9	YP_009336541.1 hypothetical protein 2 [Hubei picorna-like virus 15]
SRR27912338|k141_7838/Tremovirus/1189/1093-1066/1.954185090909091	YP_010803498.1	41.1	360	196	7	1101	61	38	394	7.26e-71	241.0	1189	852	87.6	41.9	YP_010803498.1 DNA topoisomerase IA subunit omega [Fadolivirus algeromassiliense]
SRR30793086|k141_4966/Norovirus/876/384-336/2.432063432835821	YP_009116905.1	49.2	250	108	4	865	149	31	272	1.14e-77	240.0	876	289	81.8	83.7	YP_009116905.1 replication-associated protein [Sewage-associated circular DNA virus-20]
SRR25884626|k141_742/Tremovirus/743/234-312/2.206263388429752	YP_010802429.1	51.2	252	116	4	1	741	225	474	1.64e-73	239.0	743	695	99.7	36.0	YP_010802429.1 putative structural polyprotein [Solenopsis invicta virus 6]
SRR25884626|k141_5823/Astroviridae/345/153-276/1.286775924369748	YP_009337269.1	99.1	114	1	0	3	344	1771	1884	1.08e-71	234.0	345	2585	99.1	4.4	YP_009337269.1 hypothetical protein 1 [Hubei picorna-like virus 55]
SRR25884626|k141_3289/Crohivirus/986/864-918/1.0415966935483871	YP_009508298.1	59.9	172	67	1	477	986	4	175	2.23e-65	226.0	986	2143	51.7	8.0	YP_009508298.1 polyprotein [Shanbavirus A]
SRR25884626|k141_5048/Tottorivirus/771/561-390/1.2084959310344827	YP_009345893.1	67.6	148	48	0	770	327	432	579	4.17e-65	222.0	771	3531	57.6	4.2	YP_009345893.1 hypothetical protein [Wuhan insect virus 12]
SRR25884626|k141_2711/Avihepatovirus/475/30-66/2.209419672131148	YP_009508298.1	64.4	160	55	1	1	474	1881	2040	6.25e-66	220.0	475	2143	99.8	7.5	YP_009508298.1 polyprotein [Shanbavirus A]
SRR33769967|k141_48681/Hepatovirus/1976/1118-1079/1.3200055371900823	YP_006560718.1	41.8	280	159	1	1970	1143	72	351	4.48e-63	216.0	1976	366	41.9	76.5	YP_006560718.1 integrase [Staphylococcus phage SpaA1]
SRR30793086|k141_2001/Harkavirus/1254/1068-1131/1.0020783620689655	YP_009116894.1	63.8	149	54	0	798	1244	90	238	2.21e-64	210.0	1254	267	35.6	55.8	YP_009116894.1 replication-associated protein [Sewage-associated circular DNA virus-16]
SRR31341451|k141_4167/Vesivirus/900/528-468/1.1474564285714286	NP_612837.1	92.2	103	8	0	591	283	5	107	1.5900000000000002e-64	201.0	900	107	34.3	96.3	NP_612837.1 head closure Hc1 [Clostridium phage phi3626]
SRR30793086|k141_78657/Parechovirus/776/440-395/1.140413628318584	YP_009140513.1	42.6	249	137	3	751	11	229	473	1.11e-59	200.0	776	537	95.5	45.6	YP_009140513.1 portal protein [Flavobacterium phage FCL-2]
SRR25884626|k141_970/Astroviridae/1640/410-287/2.591791657142857	YP_004782205.1	29.9	566	358	17	1630	5	12	562	3.0199999999999996e-54	199.0	1640	849	99.1	64.9	YP_004782205.1 ORF1a [Mouse astrovirus M-52/USA/2008]
SRR33769967|k141_44831/Rosavirus/2489/347-305/1.529068947368421	NP_945090.1	30.1	412	274	5	2081	867	20	424	6.159999999999999e-52	190.0	2489	429	48.8	94.4	NP_945090.1 MFS transporter [Burkholderia phage phi1026b]
SRR30793086|k141_12203/Gallivirus/695/299-275/1.065561782178218	YP_009100931.1	45.9	231	121	3	695	3	52	278	4.69e-55	190.0	695	765	99.7	29.7	YP_009100931.1 tail fiber protein [Idiomarinaceae phage 1N2-2]
SRR33227722|k141_22869/Cardiovirus/609/345-318/1.0099422916666667	YP_010664245.1	60.3	151	60	0	508	56	1	151	7.77e-57	186.0	609	383	74.4	39.4	YP_010664245.1 tail fiber protein [Yersinia phage vB_YenM_201.16]
SRR25884626|k141_1752/Harkavirus/352/346-283/1.8135628301886797	YP_009380529.1	77.6	116	26	0	351	4	106	221	1.45e-55	186.0	352	752	98.9	15.4	YP_009380529.1 polyprotein, partial [Aphis glycines virus 3]
SRR31341451|k141_36816/Aalivirus/573/231-261/1.5427966279069767	YP_007518343.1	47.2	193	96	2	1	573	1561	1749	2.66e-50	177.0	573	3640	100.0	5.2	YP_007518343.1 DarB-like antirestriction [Vibrio phage VvAW1]
SRR33227722|k141_63902/Cosavirus/863/149-119/1.0674610185185185	YP_009218820.1	96.7	90	3	0	1	270	73	162	1.42e-54	177.0	863	162	31.3	55.6	YP_009218820.1 head-tail adaptor Ad1 [Salmonella phage SEN4]
SRR33769967|k141_34253/Pasivirus/903/834-801/1.0108494915254238	YP_009616552.1	34.5	319	187	5	3	902	223	538	4.5899999999999996e-48	175.0	903	1159	99.7	27.3	YP_009616552.1 DNA polymerase [Streptomyces phage Hydra]
SRR27912338|k141_814/Sakobuvirus/938/222-261/1.1405216504854367	YP_009044768.1	95.5	89	4	0	268	2	3	91	5.57e-49	175.0	938	611	28.5	14.6	YP_009044768.1 DNA polymerase [Leuconostoc phage LN25]
SRR25884626|k141_4994/Lagovirus/410/78-111/1.23726225	YP_009042668.1	60.3	136	54	0	2	409	84	219	4.3700000000000003e-51	173.0	410	604	99.5	22.5	YP_009042668.1 virion structural protein [Enterococcus phage IME-EFm1]
SRR30793086|k141_30673/Ampivirus/457/285-351/1.053630243902439	YP_010801816.1	56.7	141	61	0	8	430	98	238	9.37e-51	170.0	457	433	92.6	32.6	YP_010801816.1 nucleotide sugar dehydrogenase [Acanthamoeba castellanii medusavirus]
SRR25884626|k141_6026/Vesivirus/395/78-159/1.1183280882352942	YP_009333370.1	62.0	129	49	0	6	392	271	399	4.36e-50	169.0	395	545	98.0	23.7	YP_009333370.1 RdRp [Beihai barnacle virus 12]
SRR30793086|k141_42936/Norovirus/435/225-183/2.137986567164179	YP_009116906.1	54.2	144	64	1	433	2	113	254	3.78e-52	169.0	435	271	99.3	52.4	YP_009116906.1 replication-associated protein [Sewage-associated circular DNA virus-21]
SRR27912338|k141_3065/Vesivirus/316/48-87/2.078514090909091	YP_010114627.1	78.8	104	22	0	313	2	214	317	5.51e-52	169.0	316	373	98.7	27.9	YP_010114627.1 hypothetical protein KNV73_gp056 [Flavobacterium phage vB_FspM_immuto_2-6A]
SRR30793086|k141_64692/Lagovirus/486/384-312/1.4522910091743118	YP_010114619.1	66.5	155	44	4	28	471	71	224	5.5600000000000004e-49	168.0	486	546	91.4	28.2	YP_010114619.1 hypothetical protein KNV73_gp064 [Flavobacterium phage vB_FspM_immuto_2-6A]
SRR30793086|k141_83720/Harkavirus/334/226-160/1.231473275862069	YP_009116902.1	71.3	101	29	0	318	16	151	251	3.5899999999999994e-52	167.0	334	266	90.7	38.0	YP_009116902.1 replication-associated protein [Sewage-associated circular DNA virus-19]
SRR25884626|k141_1484/Caliciviridae/378/165-303/1.4368693913043478	YP_009337724.1	61.6	125	48	0	3	377	1535	1659	8.569999999999999e-48	166.0	378	1727	99.2	7.2	YP_009337724.1 hypothetical protein 2 [Hubei picorna-like virus 51]
SRR30793086|k141_17798/Harkavirus/655/448-394/1.1973297413793105	YP_009237542.1	52.7	148	70	0	655	212	112	259	8.85e-49	163.0	655	279	67.8	53.0	YP_009237542.1 replication associated protein [Lake Sarah-associated circular molecule 2]
SRR30793086|k141_53501/Salivirus/1018/685-511/3.339311869158879	YP_009407943.1	31.5	314	172	4	956	138	664	975	5.33e-43	162.0	1018	2145	80.5	14.5	YP_009407943.1 RNA-dependent RNA polymerase, partial [Lasius niger virus 1]
SRR25884626|k141_1731/Lagovirus/1333/753-825/1.4074276767676768	YP_009329869.1	33.6	357	214	12	122	1144	64	413	6.59e-44	162.0	1333	468	76.7	74.8	YP_009329869.1 RdRp [Beihai barnacle virus 13]
SRR25884626|k141_3756/Caliciviridae/366/282-138/1.223154956521739	YP_009380528.1	60.3	121	48	0	365	3	1839	1959	4.14e-46	161.0	366	2000	99.2	6.1	YP_009380528.1 P1 [Aphis glycines virus 3]
SRR27912338|k141_14732/Sakobuvirus/519/216-267/1.001175902255639	YP_009173627.1	48.6	173	84	3	2	517	205	373	1.8699999999999998e-45	160.0	519	676	99.4	25.0	YP_009173627.1 Hsp70 protein [Chrysochromulina ericina virus]
SRR30793086|k141_121/Crohivirus/450/66-18/1.1390277192982456	YP_010671682.1	66.4	110	37	0	412	83	4	113	6.89e-50	158.0	450	113	73.3	97.3	YP_010671682.1 endolysin [Pseudomonas phage Iggy]
SRR33769967|k141_750/Astroviridae/961/871-826/1.0126699193548387	YP_009882644.1	47.8	161	83	1	483	4	1	161	1.1e-44	158.0	961	337	49.9	47.8	YP_009882644.1 tRNA (adenosine(37)-N6)-threonylcarbamoyltransferase complex transferase subunit TsaD [Klebsiella phage ST13-OXA48phi12.1]
SRR30793086|k141_32936/Poecivirus/420/123-171/1.176956428571429	YP_009273683.1	53.1	130	61	0	3	392	304	433	2.72e-43	154.0	420	876	92.9	14.8	YP_009273683.1 DNA methylase N-4 [Pseudomonas phage YMC11/07/P54_PAE_BP]
SRR33769967|k141_57579/Rafivirus/385/142-82/1.4800417241379311	YP_012611758.1	57.8	128	54	0	1	384	168	295	1.65e-44	153.0	385	453	99.7	28.3	YP_012611758.1 signal recognition particle protein [Escherichia phage vB_EcoM-613R3]
SRR30793086|k141_60534/Norovirus/629/461-392/1.503951343283582	YP_010356144.1	41.8	182	106	0	554	9	2	183	1.2499999999999998e-42	152.0	629	520	86.8	35.0	YP_010356144.1 chaperonin groEL [Flavobacterium phage vB_FspP_elemoB_14-3B]
SRR30793086|k141_36246/Potamipivirus/325/213-282/1.089342572463768	NP_051729.1	70.9	103	30	0	14	322	188	290	1e-45	152.0	325	322	95.1	32.0	NP_051729.1 ribonucleotide reductase, small subunit [Myxoma virus]
SRR33769967|k141_11147/Ampivirus/8044/2358-2394/1.0502374257425744	YP_009005256.1	55.0	129	57	1	3067	3450	4	132	2.35e-41	152.0	8044	143	4.8	90.2	YP_009005256.1 VOC family protein [Oenococcus phage phiS13]
SRR33769967|k141_28811/Hepatovirus/12814/4098-4152/1.201796095890411	YP_004957306.1	39.2	222	127	4	10754	11404	18	236	1.23e-38	149.0	12814	251	5.1	87.3	YP_004957306.1 ABC transporter [Planktothrix phage PaV-LD]
SRR31861042|k141_780341/Senecavirus/3253/951-981/1.0528231192660549	NP_955595.1	98.6	70	1	0	551	760	1	70	4.2600000000000003e-35	147.0	3253	746	6.5	9.4	NP_955595.1 ABL [Abelson murine leukemia virus]
SRR30793086|k141_35254/Harkavirus/502/177-222/1.1032559482758622	YP_009389456.1	77.3	88	20	0	163	426	201	288	5.1800000000000006e-43	147.0	502	288	52.6	30.6	YP_009389456.1 replication-associated protein [Giant panda circovirus 1]
SRR25884626|k141_1883/Ampivirus/551/449-386/1.0702335714285711	YP_010802428.1	42.1	183	102	2	550	2	439	617	4.27e-40	147.0	551	1954	99.6	9.2	YP_010802428.1 putative non-structural polyprotein [Solenopsis invicta virus 6]
SRR30793086|k141_39442/Vesivirus/723/108-75/1.1190314814814817	YP_009015954.1	38.2	238	134	8	719	21	56	285	1.4e-40	146.0	723	399	96.7	57.6	YP_009015954.1 transposase [Bacillus phage G]
SRR30793086|k141_62558/Kunsagivirus/490/105-132/1.1070171171171173	YP_009846322.1	54.2	131	60	0	429	37	20	150	6.92e-44	145.0	490	182	80.2	72.0	YP_009846322.1 endolysin [Aeromonas phage 2L372D]
SRR30793086|k141_21337/Pasivirus/438/228-279/1.3933084677419354	YP_010078508.1	58.9	107	44	0	116	436	5	111	6.169999999999999e-42	145.0	438	356	73.3	30.1	YP_010078508.1 transposase [Ralstonia phage Heva]
SRR33227722|k141_5327/Parechovirus/1059/582-534/1.109115045045045	YP_009882596.1	42.2	173	97	1	484	993	353	525	1.5300000000000002e-37	145.0	1059	613	48.2	28.2	YP_009882596.1 RNA polymerase sigma factor [Klebsiella phage ST147-VIM1phi7.1]
SRR30793086|k141_69610/Vesivirus/482/359-323/1.011516739130435	YP_006987226.1	47.3	150	79	0	465	16	257	406	5.02e-41	145.0	482	480	93.4	31.3	YP_006987226.1 PhoH-like phosphate starvation-inducible [Cronobacter phage vB_CsaM_GAP32]
SRR25884626|k141_4785/Hunnivirus/656/606-627/1.5484566666666666	YP_009857582.1	61.1	113	42	2	334	2	3	115	3.17e-39	142.0	656	425	50.8	26.6	YP_009857582.1 upper collar connector [Salmonella phage astrithr]
SRR31341451|k141_33618/Teschovirus/5034/4926-4947/1.0078215315315315	YP_009219380.1	44.8	154	85	0	3314	3775	1	154	9.180000000000001e-37	140.0	5034	190	9.2	81.1	YP_009219380.1 ERF family protein (endogenous virus) [Clostridium phage phiCT9441A]
SRR30793086|k141_45100/Livupivirus/484/382-292/1.1645726446280993	YP_008052289.1	45.7	151	81	1	453	1	30	179	2.18e-40	140.0	484	320	93.6	46.9	YP_008052289.1 UvsX-like recombinase [Mycobacterium phage Phaux]
SRR33769967|k141_20478/Avihepatovirus/1558/1363-1324/1.294915747126437	YP_009015825.1	41.4	203	112	3	899	1486	7	209	1.03e-35	140.0	1558	418	37.7	48.6	YP_009015825.1 tRNA nucleotidyltransferase [Bacillus phage G]
SRR25884626|k141_4313/Torchivirus/363/132-243/2.691694791666667	YP_010809089.1	61.2	121	47	0	1	363	30	150	4.5699999999999995e-40	139.0	363	361	100.0	33.5	YP_010809089.1 RNA-dependent RNA polymerase [Solenopsis invicta virus 6]
SRR31341451|k141_8060/Erbovirus/360/324-345/1.0336199029126214	YP_009173309.1	65.6	90	31	0	89	358	5	94	5.4799999999999996e-42	138.0	360	150	75.0	60.0	YP_009173309.1 ubiquitin conjugating enzyme E2 [Chrysochromulina ericina virus]
SRR30793086|k141_17590/Limnipivirus/521/411-438/1.0766968518518518	YP_009430166.1	64.9	114	36	1	1	330	283	396	6.1e-38	137.0	521	412	63.3	27.7	YP_009430166.1 Chorismate synthase [Pandoravirus dulcis]
SRR33769967|k141_8864/Ampivirus/1225/804-843/1.1428492307692306	YP_007005207.1	48.0	148	76	1	331	774	1	147	3.26e-38	137.0	1225	148	36.2	99.3	YP_007005207.1 putative type II restriction/modification enzyme, methylase subunit [Campylobacter phage CP21]
SRR30793086|k141_27016/Potamipivirus/424/117-153/1.4804339814814815	YP_010681749.1	54.4	136	56	3	413	12	90	221	4.59e-40	137.0	424	241	94.8	54.8	YP_010681749.1 site-specific DNA-methyltransferase [Bacillus phage vB_BsuS_PJN02]
SRR30793086|k141_328/Aalivirus/838/637-592/1.5331139534883722	YP_006659985.1	37.1	197	113	5	819	244	63	253	2.9399999999999997e-38	137.0	838	253	68.7	75.5	YP_006659985.1 hypothetical protein tf_47 [Pseudomonas phage tf]
SRR30793086|k141_59002/Harkavirus/566/399-450/1.0406145689655173	YP_009117067.1	41.1	180	97	4	40	555	82	260	2.5400000000000002e-37	137.0	566	527	91.2	34.0	YP_009117067.1 replication-associated protein [Sewage-associated circular DNA virus-29]
SRR33769967|k141_26938/Norovirus/838/717-825/1.21904375	YP_009015548.1	37.6	194	116	3	261	836	1	191	6.86e-38	135.0	838	209	68.7	91.4	YP_009015548.1 ABC transporter [Bacillus phage G]
SRR31861042|k141_1030939/Mosavirus/489/249-282/1.1164660344827586	YP_223871.1	48.6	144	73	1	38	466	902	1045	2.81e-36	135.0	489	1193	87.7	12.1	YP_223871.1 protease/polymerase, partial [Reticuloendotheliosis virus]
SRR33227722|k141_2625/Salivirus/503/407-377/1.0113132307692307	YP_004322387.1	44.3	167	73	3	503	3	236	382	7.0100000000000005e-37	135.0	503	479	99.6	30.7	YP_004322387.1 dehydrogenase [Synechococcus phage S-SM2]
SRR33769967|k141_10408/Mamastrovirus/1865/1070-1034/1.0081492105263157	YP_010803972.1	33.2	259	160	6	1102	344	4	255	1.01e-33	132.0	1865	256	40.7	98.4	YP_010803972.1 TatD-like protein [Fadolivirus algeromassiliense]
SRR27912338|k141_6139/Rosavirus/433/123-144/1.005355655737705	YP_009855319.1	80.5	82	15	1	2	244	257	338	3.17e-37	132.0	433	338	56.1	24.3	YP_009855319.1 site-specific DNA-methyltransferase [Flavobacterium phage vB_FspS_snusmum6-1]
SRR33769967|k141_47030/Mamastrovirus/1211/1070-1034/1.0674865789473684	YP_010803972.1	33.2	259	160	6	1103	345	4	255	1.27e-34	131.0	1211	256	62.7	98.4	YP_010803972.1 TatD-like protein [Fadolivirus algeromassiliense]
SRR30793086|k141_10447/Torchivirus/552/210-171/1.343534	YP_010781133.1	39.4	175	105	1	3	524	288	462	5.270000000000001e-35	130.0	552	463	94.6	37.8	YP_010781133.1 cysteine desulfurase sufS family [Tupanvirus deep ocean]
SRR33769967|k141_31734/Hepatovirus/4193/2381-2357/1.2905668	YP_009015548.1	37.9	195	112	1	981	1565	18	203	1.01e-32	129.0	4193	209	14.0	89.0	YP_009015548.1 ABC transporter [Bacillus phage G]
SRR30793086|k141_40476/Mamastrovirus/729/486-582/1.0306390298507462	YP_002117655.1	49.2	128	60	3	4	378	74	199	8.86e-36	129.0	729	223	51.4	56.5	YP_002117655.1 methyltransferase [Rhizobium phage 16-3]
SRR33227722|k141_52881/Livupivirus/1007/656-623/1.0156499047619048	YP_010802705.1	30.7	267	172	5	808	41	135	399	3.67e-33	129.0	1007	410	76.3	64.6	YP_010802705.1 UDP-GlcNAcbeta GAL beta1,3 N-acetyl glucosaminyl transferase 3 [Elephant endotheliotropic herpesvirus 3A]
SRR30793086|k141_28152/Oscivirus/564/39-9/1.0264587037037036	YP_009855319.1	50.0	116	58	0	348	1	7	122	4.45e-35	128.0	564	338	61.7	34.3	YP_009855319.1 site-specific DNA-methyltransferase [Flavobacterium phage vB_FspS_snusmum6-1]
SRR30793086|k141_1165/Aalivirus/596/510-555/1.0408157258064517	YP_010114486.1	62.6	99	37	0	2	298	136	234	1.02e-33	128.0	596	544	49.8	18.2	YP_010114486.1 chaperonin groEL [Flavobacterium phage vB_FspM_immuto_2-6A]
SRR30793086|k141_58435/Oscivirus/590/111-132/1.1702879439252338	YP_010773099.1	40.6	165	89	3	587	93	47	202	1.1500000000000001e-35	127.0	590	210	83.9	74.3	YP_010773099.1 hypothetical protein QIT80_gp82 (endogenous virus) [Pseudomonas phage phiAH14a]
SRR30793086|k141_67593/Pasivirus/338/207-231/1.0762897029702971	YP_009777649.1	54.5	101	46	0	304	2	1	101	1.0100000000000001e-35	126.0	338	316	89.6	32.0	YP_009777649.1 ribonucleotide-diphosphate reductase subunit beta [uncultured phage_MedDCM-OCT-S42-C7]
SRR33769967|k141_24536/Rosavirus/2183/770-734/1.2964188073394496	YP_007003226.1	44.9	136	75	0	267	674	17	152	2.71e-32	125.0	2183	153	18.7	88.9	YP_007003226.1 GNAT family N-acetyltransferase [Lactobacillus phage LF1]
SRR33227722|k141_61225/Ampivirus/751/40-16/1.1328238541666666	YP_007674407.1	37.8	164	102	0	1	492	283	446	2.5300000000000003e-32	125.0	751	475	65.5	34.5	YP_007674407.1 3,4-dihydroxy-2-butanone 4-phosphate synthase [Synechococcus phage S-SKS1]
SRR33769967|k141_55654/Astroviridae/1084/394-307/1.1179056571428572	YP_009275292.1	73.8	80	21	0	1084	845	122	201	1.07e-32	124.0	1084	201	22.1	39.8	YP_009275292.1 L-alanyl-D-glutamate peptidase [Bacillus phage Shbh1]
SRR25884626|k141_2022/Avihepatovirus/389/114-144/1.918181711711712	NP_049374.1	49.2	128	61	1	2	385	2632	2755	1.26e-32	123.0	389	2858	98.7	4.3	NP_049374.1 polyprotein [Sacbrood virus]
SRR30793086|k141_48371/Avihepatovirus/404/138-165/1.0219051351351351	YP_010114486.1	52.0	125	58	2	384	13	84	207	3.6400000000000004e-32	121.0	404	544	92.1	22.8	YP_010114486.1 chaperonin groEL [Flavobacterium phage vB_FspM_immuto_2-6A]
SRR33769967|k141_19470/Potamipivirus/475/309-405/1.2605880341880342	YP_009840202.1	63.1	84	31	0	224	475	4	87	1.18e-33	121.0	475	239	53.1	35.1	YP_009840202.1 FAD-dependent thymidylate synthase [Streptomyces phage Karimac]
SRR27912338|k141_20922/Crohivirus/360/126-78/1.2399217543859649	YP_010671808.1	74.6	71	18	0	355	143	43	113	1.7700000000000002e-35	120.0	360	113	59.2	62.8	YP_010671808.1 hypothetical protein PQC32_gp45 [Pseudomonas virus PBPA162]
SRR33769967|k141_39326/Crohivirus/18905/194-146/1.0006230701754386	YP_009174707.1	23.8	526	366	14	17597	16068	7	513	6.04e-26	120.0	18905	555	8.1	91.4	YP_009174707.1 putative thiamine pyrophosphate enzyme TPP binding domain protein [Yellowstone lake phycodnavirus 1]
SRR30793086|k141_57992/Vesivirus/473/144-225/1.0767852717391304	YP_009844678.1	43.1	130	72	2	79	465	3	131	2.7200000000000003e-31	119.0	473	487	81.8	26.5	YP_009844678.1 clamp loader of DNA polymerase [Nodularia phage vB_NspS-kac65v151]
SRR33227722|k141_77396/Torchivirus/14637/4353-4419/1.0758205208333336	YP_004957306.1	38.1	197	115	3	9269	8697	40	235	3.0400000000000004e-27	117.0	14637	251	3.9	78.1	YP_004957306.1 ABC transporter [Planktothrix phage PaV-LD]
SRR31861042|k141_645440/Megrivirus/1644/1461-1428/1.0093289075630252	YP_762581.1	53.2	111	52	0	685	353	3	113	9.189999999999999e-30	117.0	1644	165	20.3	67.3	YP_762581.1 single strand DNA binding protein [Lactococcus phage Q54]
SRR33227722|k141_80997/Vesivirus/364/27-135/1.1476271739130437	YP_009838654.1	45.8	120	65	0	3	362	92	211	3.4e-31	116.0	364	370	98.9	32.4	YP_009838654.1 AAA family ATPase [Paenibacillus phage Yyerffej]
SRR30793086|k141_43024/Sicinivirus/357/240-216/1.272874214876033	YP_112541.1	50.4	115	49	3	10	348	101	209	2.88e-32	115.0	357	216	95.0	50.5	YP_112541.1 methyltransferase [Flavobacterium phage 11b]
SRR25884626|k141_475/Astroviridae/933/630-546/3.1517865168539325	NP_795334.1	33.6	280	143	8	882	100	615	870	1.5200000000000002e-27	115.0	933	874	83.9	29.3	NP_795334.1 putative serine protase [Mamastrovirus 10]
SRR30793086|k141_81333/Megrivirus/322/207-252/1.113684369747899	YP_009100954.1	55.6	99	44	0	298	2	267	365	1.5099999999999999e-30	115.0	322	531	92.2	18.6	YP_009100954.1 putative ATP-dependent helicase [Idiomarinaceae phage 1N2-2]
SRR33769967|k141_12533/Hepatovirus/615/138-105/1.1900861818181818	YP_009837556.1	44.7	152	78	2	120	566	84	232	2.28e-30	114.0	615	234	72.7	63.7	YP_009837556.1 terminase small subunit [Anoxybacillus phage A403]
SRR30793086|k141_71679/Vesivirus/450/342-270/1.0659528676470589	NP_203459.1	41.8	146	84	1	441	7	334	479	5.5e-29	114.0	450	663	96.7	22.0	NP_203459.1 portal protein [Myxococcus phage Mx8]
SRR33227722|k141_38082/Caliciviridae/306/51-18/1.1158912781954888	NP_945050.1	51.5	101	49	0	306	4	39	139	3.4400000000000003e-29	112.0	306	1101	99.0	9.2	NP_945050.1 tail protein [Burkholderia phage phi1026b]
SRR30793086|k141_43477/Norovirus/302/90-183/1.8682728358208955	YP_009237596.1	55.7	97	42	1	14	301	163	259	2.0999999999999998e-30	111.0	302	286	95.4	33.9	YP_009237596.1 replication associated protein [Lake Sarah-associated circular molecule 9]
SRR33769967|k141_50894/Senecavirus/524/246-297/1.0985959633027522	YP_010655949.1	35.2	176	108	3	524	3	7	178	3.77e-28	110.0	524	403	99.6	42.7	YP_010655949.1 integrase [Arthrobacter phage Hestia]
SRR30793086|k141_81832/Norovirus/323/102-147/2.205352089552239	YP_009109685.1	52.6	97	42	1	11	301	161	253	2.0500000000000002e-29	109.0	323	284	90.1	32.7	YP_009109685.1 replication-associated protein [Circoviridae 19 LDMD-2013]
SRR30793086|k141_41002/Crohivirus/400/73-31/1.4422449038461538	YP_009098860.1	42.1	121	69	1	19	378	23	143	4.97e-29	108.0	400	232	90.0	52.2	YP_009098860.1 PhoH protein [Caulobacter phage Cr30]
SRR31861042|k141_53066/Sakobuvirus/460/313-271/1.0073785217391305	YP_001497148.1	69.0	71	22	0	166	378	1039	1109	1.37e-26	107.0	460	1739	46.3	4.1	YP_001497148.1 gag-pol precursor polyprotein [RD114 retrovirus]
SRR31861042|k141_1202405/Sicinivirus/359/78-117/1.1309419626168224	YP_010803578.1	51.9	104	49	1	1	312	57	159	6.849999999999999e-30	107.0	359	160	86.9	64.4	YP_010803578.1 cyclophilin-type peptidyl-prolyl cis-trans isomerase [Fadolivirus algeromassiliense]
SRR25884626|k141_3005/Caliciviridae/1016/276-435/1.0359331304347823	YP_009337178.1	29.4	255	149	7	3	710	2129	2371	4.9499999999999996e-24	106.0	1016	3547	69.7	6.9	YP_009337178.1 hypothetical protein [Hubei coleoptera virus 2]
SRR30793086|k141_83627/Ampivirus/347/341-272/1.0746692857142857	YP_010000101.1	44.3	115	64	0	347	3	547	661	5.9600000000000006e-27	106.0	347	856	99.4	13.4	YP_010000101.1 DNA primase [Serratia phage JS26]
SRR33769967|k141_32117/Senecavirus/520/105-135/1.3201007	YP_010675378.1	34.3	175	113	2	520	2	172	346	6.05e-26	105.0	520	422	99.8	41.5	YP_010675378.1 hypothetical protein PQD12_gp30 [Enterobacter phage vB_EclS_CobraSix]
SRR31861042|k141_554431/Livupivirus/530/50-5/1.2313112396694217	YP_073558.1	35.8	159	100	1	49	525	145	301	5.57e-26	105.0	530	483	90.0	32.5	YP_073558.1 RNA-dependent DNA polymerase [lymphocystis disease virus-China]
SRR33227722|k141_11250/Ampivirus/799/78-147/1.3218161739130436	YP_009279956.1	82.0	61	11	0	225	407	73	133	3.1200000000000003e-27	105.0	799	133	22.9	45.9	YP_009279956.1 pyruvate formate-lyase [Morganella phage vB_MmoM_MP1]
SRR31341451|k141_20530/Rosavirus/777/135-108/1.5447031578947368	YP_009221649.1	35.1	171	101	3	776	264	206	366	3.83e-25	105.0	777	370	66.0	43.5	YP_009221649.1 integrase [Clostridium phage phiCD211]
SRR33227722|k141_4346/Ampivirus/5456/3258-3351/1.423494051724138	NP_046572.1	30.6	196	132	3	1086	1667	457	650	3.1000000000000002e-21	104.0	5456	705	10.7	27.5	NP_046572.1 ABC transporter [Bacillus phage SPBc2]
SRR33769967|k141_45631/Sapovirus/1544/623-593/1.2045307438016528	YP_009276424.1	29.7	286	172	6	1284	436	157	416	4.87e-22	102.0	1544	561	55.0	46.3	YP_009276424.1 Reverse transcriptase [Pseudomonas phage phi3]
SRR33769967|k141_7746/Rafivirus/406/52-22/1.1430545977011497	NP_203440.1	48.5	103	48	2	113	406	6	108	8.34e-28	102.0	406	124	72.4	83.1	NP_203440.1 MazG-like pyrophosphatase [Myxococcus phage Mx8]
SRR30793086|k141_54020/Livupivirus/423/120-165/1.3848291666666668	YP_010645579.1	33.5	176	76	3	2	418	259	430	2.93e-25	102.0	423	432	98.6	39.8	YP_010645579.1 IbrA [Streptococcus phage CHPC1148]
SRR33227722|k141_60390/Norovirus/563/326-272/1.0364467375886526	NP_612325.1	42.0	112	65	0	528	193	14	125	2.9500000000000003e-27	102.0	563	133	59.7	84.2	NP_612325.1 ORF103R [Infectious spleen and kidney necrosis virus]
SRR30793086|k141_9135/Vesivirus/322/27-114/1.4017183018867925	YP_008240985.1	73.8	65	17	0	320	126	193	257	1.82e-26	101.0	322	267	60.6	24.3	YP_008240985.1 methyltransferase [Cellulophaga phage phi12:1]
SRR30793086|k141_15512/Tottorivirus/308/81-150/1.0950159821428571	YP_009598451.1	59.0	78	32	0	306	73	384	461	2.43e-25	100.0	308	468	76.0	16.7	YP_009598451.1 terminase large subunit [Rhizobium phage RHEph04]
SRR33227722|k141_63624/Ampivirus/2408/1439-1400/1.0569536697247706	YP_004957306.1	31.8	220	133	6	1403	768	7	217	3.76e-22	99.8	2408	251	26.4	84.1	YP_004957306.1 ABC transporter [Planktothrix phage PaV-LD]
SRR27912338|k141_10192/Avastrovirus/427/342-402/1.02783864	YP_009787854.1	62.5	64	24	0	10	201	37	100	8.68e-27	99.4	427	112	45.0	57.1	YP_009787854.1 hypothetical protein HOR37_gp80 [Salmonella phage vB_SenS_Sasha]
SRR30793086|k141_24832/Caliciviridae/348/330-297/1.0548730701754383	YP_009304525.1	40.5	116	66	2	345	4	27	141	2.8099999999999998e-24	99.0	348	571	98.3	20.1	YP_009304525.1 DNA primase/helicase [Pseudomonas phage O4]
SRR33769967|k141_30071/Cosavirus/566/257-221/1.0750082727272727	YP_009279710.1	69.4	62	19	0	560	375	408	469	4.37e-23	98.2	566	469	32.9	13.2	YP_009279710.1 large terminase [Lactococcus phage 63301]
SRR30793086|k141_39642/Kunsagivirus/424/361-313/1.00890728	YP_007003633.1	51.1	88	43	0	422	159	345	432	7.44e-24	98.2	424	432	62.3	20.4	YP_007003633.1 terminase large subunit [Riemerella phage RAP44]
SRR30793086|k141_60039/Avastrovirus/326/105-168/1.1384304347826086	YP_009031414.1	53.2	111	40	5	3	317	101	205	1.66e-25	97.8	326	221	96.6	47.5	YP_009031414.1 DNA methyltransferase [Bacillus phage Bcp1]
SRR27912338|k141_10684/Hepatovirus/3215/2508-2544/1.4032110666666666	YP_008766949.1	26.3	243	176	1	2034	2762	1	240	8.240000000000001e-21	96.7	3215	265	22.7	90.6	YP_008766949.1 IS21-like element IS21 family helper ATPase IstB [Enterobacteria phage fiAA91-ss]
SRR25884626|k141_5535/Parechovirus/366/363-324/2.4344194444444445	YP_009508298.1	56.3	71	31	0	364	152	2073	2143	8.719999999999999e-23	95.1	366	2143	58.2	3.3	YP_009508298.1 polyprotein [Shanbavirus A]
SRR30793086|k141_82878/Gallivirus/710/255-309/1.1395946226415097	YP_009361690.1	52.4	82	38	1	656	414	26	107	5.4899999999999995e-24	95.1	710	108	34.2	75.9	YP_009361690.1 Putative HNH endonuclease [Pacmanvirus A23]
SRR30793086|k141_51767/Teschovirus/325/241-196/1.0264702040816327	YP_009622485.1	45.2	104	56	1	3	311	145	248	3.51e-24	95.1	325	255	95.1	40.8	YP_009622485.1 hypothetical protein FDJ28_gp22 [Pseudomonas phage Bjorn]
SRR33769967|k141_53966/Torchivirus/875/369-393/1.0311325217391305	YP_003986898.1	31.1	206	117	6	574	29	6	210	9.070000000000001e-21	94.7	875	457	62.4	44.9	YP_003986898.1 putative HD domain-containing protein [Acanthamoeba polyphaga mimivirus]
SRR31861042|k141_237074/Teschovirus/541/189-252/1.154133486238532	NP_612333.1	37.3	153	86	3	461	3	148	290	1.1200000000000001e-22	94.7	541	296	84.8	48.3	NP_612333.1 putative tumor necrosis factor receptor associated factor [Infectious spleen and kidney necrosis virus]
SRR33769967|k141_17952/Cosavirus/977/66-90/1.025856	YP_009448811.1	45.5	101	51	3	976	680	337	435	2.33e-20	94.4	977	458	30.4	21.6	YP_009448811.1 Serine-tRNA synthetase, type1 [Orpheovirus IHUMI-LCC2]
SRR33769967|k141_42109/Torchivirus/919/448-424/1.0241970434782608	YP_003986898.1	30.7	225	124	8	246	839	6	225	2.2e-20	94.0	919	457	64.6	48.1	YP_003986898.1 putative HD domain-containing protein [Acanthamoeba polyphaga mimivirus]
SRR31861042|k141_627714/Tremovirus/451/138-159/1.0930433720930233	YP_009342179.1	38.2	131	76	1	450	58	341	466	4.59e-22	94.0	451	487	87.1	25.9	YP_009342179.1 RNA-dependent DNA polymerase [Lymphocystis disease virus Sa]
SRR33227722|k141_1153/Erbovirus/653/345-372/1.0228	YP_009448636.1	35.1	168	104	4	114	617	282	444	4.38e-21	93.6	653	470	77.2	34.7	YP_009448636.1 Cytochrome P450-like protein E-class [Orpheovirus IHUMI-LCC2]
SRR30793086|k141_53619/Norovirus/365/350-308/1.6922998507462688	YP_009551463.1	47.8	90	46	1	351	82	179	267	1.66e-22	92.8	365	344	74.0	25.9	YP_009551463.1 replication-associated protein [Cybaeus spider associated circular virus 1]
SRR30793086|k141_64257/Potamipivirus/585/498-531/1.1521843269230767	YP_009202267.1	57.1	70	30	0	10	219	70	139	3.7999999999999995e-23	92.8	585	143	35.9	49.0	YP_009202267.1 DNA methyltransferase [Bacteriophage Lily]
SRR33769967|k141_45374/Oscivirus/1593/174-201/1.018136875	YP_009001498.1	30.5	220	141	7	1367	717	462	672	1.91e-18	92.8	1593	1506	40.9	14.0	YP_009001498.1 ABC transporter [Alphaentomopoxvirus acuprea]
SRR30793086|k141_65537/Mamastrovirus/417/171-102/1.3744959433962265	YP_009010739.1	40.5	121	67	1	414	52	515	630	1.89e-21	92.0	417	792	87.1	14.6	YP_009010739.1 DNA helicase [Croceibacter phage P2559Y]
SRR33227722|k141_83643/Tremovirus/375/303-255/1.081667767857143	YP_009008089.1	40.0	105	59	1	60	374	8	108	9.71e-24	91.7	375	137	84.0	73.7	YP_009008089.1 transposase [Sulfolobus monocaudavirus SMV1]
SRR33227722|k141_32976/Sapovirus/408/102-72/1.068896923076923	YP_009640107.1	42.6	122	62	3	365	6	1	116	1.16e-21	91.7	408	394	88.2	29.4	YP_009640107.1 hypothetical protein AV955_gp119 [Diadromus pulchellus ascovirus 4a]
SRR30793086|k141_43282/Sicinivirus/769/402-432/1.0088085950413224	YP_009222571.1	36.3	171	102	3	590	90	5	172	1.52e-21	91.3	769	176	65.1	95.5	YP_009222571.1 hypothetical protein AXJ08_gp21 [Rhodoferax phage P26218]
SRR33769967|k141_55443/Aphthovirus/420/285-312/1.0118555555555555	YP_008239543.1	49.0	104	49	1	1	312	376	475	3.95e-21	90.9	420	475	74.3	21.1	YP_008239543.1 terminase large subunit [Staphylococcus phage JS01]
SRR33769967|k141_14580/Hepatovirus/790/766-730/1.2100330578512395	YP_007678110.1	42.9	105	57	2	3	311	82	185	5.64e-21	90.5	790	197	39.1	52.8	YP_007678110.1 replication initiation protein [Bacillus phage PM1]
SRR30793086|k141_8624/Livupivirus/396/108-153/1.6333265686274512	YP_010682498.1	31.6	171	70	5	3	386	263	429	3.3500000000000002e-21	90.5	396	432	97.0	38.7	YP_010682498.1 IbrA [Streptococcus phage CHPC1230]
SRR27912338|k141_5575/Harkavirus/339/246-210/1.2183624752475248	YP_010111353.1	52.0	100	45	2	291	1	4	103	3.0300000000000003e-21	90.1	339	498	85.8	20.1	YP_010111353.1 nicotinamide phosphoribosyl transferase [uncultured phage cr111_1]
SRR33769967|k141_49702/Oscivirus/373/241-217/1.0842951562499998	NP_945090.1	38.3	120	74	0	363	4	83	202	3.56e-21	90.1	373	429	96.5	28.0	NP_945090.1 MFS transporter [Burkholderia phage phi1026b]
SRR30793086|k141_53869/Tottorivirus/640/295-250/1.0065809821428573	YP_011796296.1	34.8	178	95	4	152	622	22	199	5.46e-20	89.7	640	380	73.6	46.8	YP_011796296.1 capsid protein [Arthronema virus TR020]
SRR30793086|k141_60406/Rosavirus/332/149-110/1.2100622680412372	YP_009823358.1	41.4	111	54	2	17	316	205	315	3.97e-21	89.7	332	543	90.4	20.4	YP_009823358.1 putative terminase large subunit [Escherichia phage PTXU04]
SRR33227722|k141_1343/Sapovirus/365/285-336/1.1377110483870967	YP_009601952.1	50.6	87	41	1	324	64	211	295	1.78e-21	89.4	365	295	71.5	28.8	YP_009601952.1 IS3 family transposase [Escherichia phage PA28]
SRR30793086|k141_8679/Senecavirus/365/299-263/1.091619357798165	YP_009221588.1	38.9	113	64	3	337	2	77	185	1.38e-21	89.0	365	257	92.1	42.4	YP_009221588.1 phosphoadenosine phosphosulfate reductase [Verrucomicrobia phage P8625]
SRR30793086|k141_32549/Gallivirus/368/128-56/1.2941691666666666	YP_007111556.1	60.3	68	27	0	12	215	62	129	1.3e-22	89.0	368	146	55.4	46.6	YP_007111556.1 NinB/ Orf homologous recombination mediator [Enterobacteria phage mEp043 c-1]
SRR33227722|k141_7601/Potamipivirus/3008/1656-1680/1.006406296296296	YP_004957306.1	32.9	228	137	7	672	25	11	234	3.34e-18	88.6	3008	251	21.5	89.2	YP_004957306.1 ABC transporter [Planktothrix phage PaV-LD]
SRR31861042|k141_1137697/Potamipivirus/329/87-114/1.0838844360902256	NP_041184.1	48.1	77	38	1	73	297	21	97	1.38e-20	88.2	329	612	68.4	12.6	NP_041184.1 gag protein [Jaagsiekte sheep retrovirus]
SRR30793086|k141_75617/Ampivirus/311/167-119/1.0407972413793103	YP_009792778.1	51.1	88	42	1	19	282	144	230	5.46e-21	88.2	311	365	84.9	23.8	YP_009792778.1 Dda-like helicase [Bordetella phage vB_BbrM_PHB04]
SRR33769967|k141_50713/Livupivirus/510/453-423/1.0427465714285713	YP_004957306.1	36.9	160	99	2	485	9	14	172	1.63e-20	87.8	510	251	93.5	63.3	YP_004957306.1 ABC transporter [Planktothrix phage PaV-LD]
SRR30793086|k141_8680/Rafivirus/816/369-396/1.3310450574712644	YP_009966471.1	36.7	139	82	3	765	355	7	141	2.64e-20	87.4	816	142	50.4	95.1	YP_009966471.1 hypothetical protein FDJ40_gp36 [Pseudomonas phage vB_PaeS_PAO1_Ab19]
SRR30793086|k141_11717/Potamipivirus/305/146-95/1.2463437037037035	YP_008239455.1	60.3	68	27	0	2	205	248	315	1.16e-20	86.7	305	316	66.9	21.5	YP_008239455.1 exonuclease [Salmonella phage FSL SP-058]
SRR30793086|k141_10555/Kunsagivirus/344/150-195/1.0317561475409835	YP_010114546.1	55.7	61	27	0	316	134	38	98	4.4e-22	85.9	344	98	53.2	62.2	YP_010114546.1 hypothetical protein KNV73_gp137 [Flavobacterium phage vB_FspM_immuto_2-6A]
SRR30793086|k141_628/Gallivirus/370/193-145/1.0262517272727274	YP_009056260.1	43.1	109	59	2	365	45	195	302	2e-19	85.1	370	418	86.8	25.8	YP_009056260.1 AAA family ATPase [Vibrio phage ICP2_2013_A_Haiti]
SRR25884626|k141_4072/Lagovirus/372/96-63/1.12864024	YP_009598924.1	36.1	119	75	1	6	362	162	279	3.22e-19	84.7	372	453	96.0	26.0	YP_009598924.1 putative virion structural protein [Ralstonia phage RP12]
SRR31341451|k141_27513/Sicinivirus/474/309-336/1.09061544	YP_009914615.1	88.2	51	6	0	3	155	116	166	7.57e-20	84.3	474	192	32.3	26.6	YP_009914615.1 tail fiber assembly [Escherichia phage vB_EcoM-Ro157c2YLVW]
SRR25884626|k141_4567/Gallivirus/320/180-216/1.80324198019802	YP_009222841.1	85.7	42	6	0	5	130	912	953	7.33e-19	83.2	320	1017	39.4	4.1	YP_009222841.1 tail length tape measure protein [Pseudomonas phage PS-1]
SRR30793086|k141_75455/Senecavirus/348/153-180/1.0934393119266057	YP_010102839.1	59.4	64	26	0	306	115	174	237	2.16e-19	82.8	348	247	55.2	25.9	YP_010102839.1 DNA methyltransferase [Gordonia phage Galadriel]
SRR33227722|k141_80670/Norovirus/402/309-342/1.035773148148148	YP_004322710.1	39.2	130	74	3	386	9	28	156	1.22e-18	82.8	402	340	94.0	37.9	YP_004322710.1 dehydrogenase [Synechococcus phage S-ShM2]
SRR33769967|k141_47502/Sicinivirus/772/243-312/1.0081572972972972	YP_009909591.1	32.1	137	87	2	420	10	8	138	2.24e-17	82.8	772	304	53.2	43.1	YP_009909591.1 iron/manganese ABC transporter substrate-binding protein SitA [Escherichia phage ev017]
SRR30793086|k141_4581/Oscivirus/341/225-243/1.155355420560748	YP_008241726.1	43.6	101	53	3	332	30	199	295	1.71e-18	82.4	341	630	88.9	15.4	YP_008241726.1 DNA primase/helicase [Cellulophaga phage phi19:1]
SRR27912338|k141_3763/Mamastrovirus/1165/993-1026/1.146935344827586	YP_009001498.1	31.8	151	89	2	453	1	1222	1358	2.05e-15	81.6	1165	1506	38.9	9.1	YP_009001498.1 ABC transporter [Alphaentomopoxvirus acuprea]
SRR30793086|k141_74472/Hunnivirus/482/375-411/1.124361120689655	YP_009325851.1	34.9	146	61	3	482	45	388	499	2.04e-17	81.3	482	540	90.9	20.7	YP_009325851.1 CTP synthetase [Only Syngen Nebraska virus 5]
SRR30793086|k141_35332/Avihepatovirus/305/296-272/1.0913055855855858	YP_009007727.1	50.0	98	44	4	304	23	37	133	2.55e-19	80.9	305	193	92.5	50.3	YP_009007727.1 DNA methyltransferase [Staphylococcus phage vB_SepS_SEP9]
SRR30793086|k141_65978/Oscivirus/308/224-203/1.2104423300970872	YP_009003191.1	50.0	96	47	1	296	12	166	261	5.53e-18	80.5	308	935	92.5	10.3	YP_009003191.1 tail length tape measure protein [Rhizobium phage vB_RleS_L338C]
SRR33769967|k141_1991/Livupivirus/757/82-40/1.0119481034482758	NP_861654.1	25.1	251	163	8	750	40	899	1138	1.71e-15	79.0	757	1288	93.9	18.6	NP_861654.1 DNA methyltransferase [Halophage HF1]
SRR30793086|k141_42518/Limnipivirus/374/230-200/1.057402735042735	YP_009276820.1	36.9	122	73	2	14	370	240	360	3.54e-17	79.0	374	428	95.5	28.3	YP_009276820.1 5'-3' exonuclease [Bacillus phage BalMu-1]
SRR30793086|k141_74240/Sicinivirus/306/246-294/1.2417575409836066	YP_008853789.1	53.7	82	33	2	44	283	1	79	2.86e-17	78.2	306	417	78.4	18.9	YP_008853789.1 major head protein [Ralstonia phage RSK1]
SRR33769967|k141_13318/Potamipivirus/676/43-13/1.0002075268817203	YP_010789581.1	31.8	173	72	3	54	461	448	611	1.52e-15	78.2	676	820	60.4	20.0	YP_010789581.1 DNA topoisomerase 1 [Moumouvirus australiensis]
SRR31861042|k141_123145/Aquamavirus/1592/24-66/1.0453481739130437	YP_073558.1	41.0	100	59	0	1473	1174	145	244	1.15e-13	76.6	1592	483	18.8	20.7	YP_073558.1 RNA-dependent DNA polymerase [lymphocystis disease virus-China]
SRR31861042|k141_643334/Sakobuvirus/605/534-576/1.0494030434782609	YP_223871.1	52.4	82	32	2	438	214	572	653	3.05e-15	76.6	605	1193	37.2	6.9	YP_223871.1 protease/polymerase, partial [Reticuloendotheliosis virus]
SRR33227722|k141_1824/Rafivirus/716/192-225/1.27428091954023	YP_010782291.1	31.2	125	69	2	386	715	119	241	9.88e-15	75.9	716	443	46.1	27.8	YP_010782291.1 alcohol dehydrogenase [Tupanvirus soda lake]
SRR30793086|k141_24092/Cosavirus/473/276-321/1.0249820769230769	YP_009275040.1	43.2	95	47	3	12	293	8	96	5.73e-17	75.5	473	138	59.6	64.5	YP_009275040.1 peptidase [Pseudomonas phage YMC11/06/C171_PPU_BP]
SRR33227722|k141_19545/Lagovirus/855/618-588/1.0888030555555557	YP_001700534.1	66.7	48	16	0	619	476	371	418	3.08e-14	75.5	855	441	16.8	10.9	YP_001700534.1 putative bacteriophage integrase [Salmonella phage Fels-1]
SRR31861042|k141_1229330/Livupivirus/1751/924-957/1.0094561904761905	YP_010087926.1	46.6	58	31	0	1330	1157	303	360	1.72e-13	75.5	1751	360	9.9	16.1	YP_010087926.1 hypothetical protein KM759_gp053 [Lymphocystis disease virus 4]
SRR30793086|k141_76157/Cosavirus/455/216-276/1.0413736290322582	YP_010755740.1	40.2	127	70	4	385	17	17	141	2.07e-15	75.1	455	466	81.1	26.8	YP_010755740.1 glutamine amidotransferase domain [Streptomyces phage TurkishDelight]
SRR30793086|k141_59969/Sakobuvirus/444/387-339/1.1094289743589745	YP_010804446.1	30.9	123	83	2	5	370	91	212	2.84e-16	75.1	444	213	82.4	57.3	YP_010804446.1 hypothetical protein QKU58_gp088 [Pyramimonas orientalis virus]
SRR33227722|k141_12000/Rosavirus/980/153-198/1.4776852325581395	YP_010778497.1	28.0	164	106	4	839	378	348	509	1.62e-13	74.3	980	538	47.1	30.1	YP_010778497.1 ABC transporter protein [Bodo saltans virus]
SRR25884626|k141_1439/Sicinivirus/359/323-188/1.3817561261261262	YP_010773040.1	55.6	63	28	0	214	26	1	63	1.03e-17	73.9	359	63	52.6	100.0	YP_010773040.1 hypothetical protein QIT80_gp23 (endogenous virus) [Pseudomonas phage phiAH14a]
SRR30793086|k141_28911/Parechovirus/322/21-66/1.0963259016393443	YP_008767361.1	47.9	94	42	4	45	320	5	93	1.45e-16	73.6	322	176	85.7	50.6	YP_008767361.1 HNH endonuclease [Lactobacillus phage PL-1]
SRR31861042|k141_1157464/Sakobuvirus/2831/501-543/1.0822367256637166	YP_009513212.1	36.5	137	78	4	1927	2313	522	657	4.2e-12	73.6	2831	659	13.7	20.6	YP_009513212.1 envelope protein [Koala retrovirus]
SRR31861042|k141_623118/Avisivirus/2067/855-828/1.0087525925925924	YP_667874.1	30.6	180	97	7	6	533	103	258	3.05e-13	73.6	2067	259	25.5	60.2	YP_667874.1 trypsin-like protein [Neodiprion abietis nucleopolyhedrovirus]
SRR31861042|k141_727524/Teschovirus/6083/1368-1398/1.2137928048780489	YP_009342179.1	40.6	96	55	2	4987	5271	294	388	1.02e-11	73.2	6083	487	4.7	19.5	YP_009342179.1 RNA-dependent DNA polymerase [Lymphocystis disease virus Sa]
SRR33769967|k141_30261/Kunsagivirus/1875/1257-1215/1.0388547321428572	YP_010740098.1	41.2	97	56	1	475	185	3	98	9.36e-13	73.2	1875	341	15.5	28.2	YP_010740098.1 glycosyltransferase [Bacillus phage FADO]
SRR33769967|k141_28355/Salivirus/690/390-444/1.0273761481481485	YP_008798249.1	32.2	183	113	3	149	688	1	175	1.25e-13	72.8	690	1093	78.3	16.0	YP_008798249.1 tail length tape measure protein [Streptococcus phage phiBHN167]
SRR30793086|k141_60832/Erbovirus/359/153-183/1.0476413223140495	NP_944253.2	70.5	44	13	0	227	358	1	44	3.93e-15	72.8	359	370	36.8	11.9	NP_944253.2 DNA methyltransferase [Burkholderia phage Bcep22]
SRR30793086|k141_58750/Sakobuvirus/313/133-97/1.1036204838709678	YP_009836120.1	41.1	95	55	1	1	285	461	554	4.01e-15	72.4	313	660	91.1	14.2	YP_009836120.1 terminase large subunit [Streptomyces phage Immanuel3]
SRR31861042|k141_717220/Parechovirus/1161/90-60/1.0459573394495414	YP_009507788.1	29.3	150	101	2	710	1159	55	199	2.23e-13	72.4	1161	241	38.8	60.2	YP_009507788.1 protein p30 [Harvey murine sarcoma virus]
SRR33769967|k141_25902/Norovirus/817/627-696/1.0620358441558442	YP_009126465.1	38.5	117	67	2	407	754	2231	2343	4.5e-13	72.4	817	2627	42.6	4.3	YP_009126465.1 tail length tape measure protein [Lactobacillus phage Ldl1]
SRR30793086|k141_26976/Ampivirus/588/369-414/1.0617509322033898	YP_007674313.1	38.1	147	68	7	521	105	1	132	2.86e-15	72.0	588	132	70.9	100.0	YP_007674313.1 hypothetical protein VPGG_00004 [Vibrio phage VBM1]
SRR30793086|k141_21566/Avihepatovirus/371/246-276/1.008380661157025	YP_009959051.1	40.6	96	49	3	47	334	43	130	9.19e-16	71.6	371	155	77.6	56.8	YP_009959051.1 DNA methyltransferase [Mycobacterium phage KristaRAM]
SRR30793086|k141_78710/Caliciviridae/313/51-93/1.064573947368421	YP_009280100.1	52.1	73	33	1	230	18	2	74	7.67e-17	71.6	313	81	68.1	90.1	YP_009280100.1 hypothetical protein BI036_gp152 [Morganella phage vB_MmoM_MP1]
SRR33769967|k141_40301/Ampivirus/396/39-69/1.2136847706422018	YP_009831919.1	48.5	66	34	0	199	396	1	66	1.32e-15	71.2	396	143	50.0	46.2	YP_009831919.1 transcriptional regulator [Aeribacillus phage AP45]
SRR33227722|k141_13728/Lagovirus/662/401-299/1.2135421212121211	YP_010801995.1	31.0	174	113	3	653	144	96	266	2.68e-13	71.2	662	459	77.0	37.3	YP_010801995.1 beta-galactosidase [Acanthamoeba castellanii medusavirus]
SRR30793086|k141_76679/Poecivirus/329/266-182/1.0211167289719627	YP_010765927.1	39.1	92	41	1	35	265	23	114	3.61e-16	71.2	329	120	70.2	76.7	YP_010765927.1 terminase small subunit [Pseudomonas phage LKA5]
SRR33769967|k141_15495/Vesivirus/843/312-273/1.0813400925925925	YP_009202245.1	53.2	62	29	0	429	614	1	62	6.84e-15	70.9	843	67	22.1	92.5	YP_009202245.1 membrane associated protein [Bacteriophage Lily]
SRR31861042|k141_953594/Lagovirus/1675/751-727/1.1005307407407408	NP_862831.2	40.9	88	51	1	394	134	312	399	1.14e-11	70.9	1675	612	15.6	14.4	NP_862831.2 gag protein [Enzootic nasal tumor virus 2]
SRR33227722|k141_42855/Ampivirus/1462/94-40/1.0320436974789915	YP_010778212.1	30.1	136	93	2	29	436	434	567	1.06e-11	70.5	1462	569	27.9	23.6	YP_010778212.1 multidrug export ATPase/permease [Bodo saltans virus]
SRR31861042|k141_142399/Caliciviridae/1304/918-951/1.4217777631578947	YP_009015381.1	38.9	90	54	1	782	516	249	338	6.11e-12	70.5	1304	442	20.5	20.4	YP_009015381.1 clamp loader of DNA polymerase [Bacillus phage G]
SRR31861042|k141_396611/Sicinivirus/489/258-228/1.018213779527559	NP_955220.1	49.1	57	29	0	352	182	128	184	7.44e-14	70.1	489	275	35.0	20.7	NP_955220.1 p28-like protein [Canarypox virus]
SRR31861042|k141_764694/Vesivirus/1430/881-809/1.131895806451613	YP_223871.1	38.0	121	68	2	1200	844	1049	1164	3.35e-11	69.3	1430	1193	25.0	9.7	YP_223871.1 protease/polymerase, partial [Reticuloendotheliosis virus]
SRR30793086|k141_13393/Passerivirus/629/156-186/1.142946776859504	YP_009168591.1	39.4	109	60	4	99	425	104	206	7.93e-13	69.3	629	367	52.0	28.1	YP_009168591.1 head maturation protease [Lactobacillus phage LBR48]
SRR33769967|k141_60845/Norovirus/1504/892-820/1.1362934415584416	YP_009126465.1	39.5	114	63	3	1120	782	2230	2338	7.59e-11	68.6	1504	2627	22.5	4.1	YP_009126465.1 tail length tape measure protein [Lactobacillus phage Ldl1]
SRR31861042|k141_165410/Aphthovirus/524/194-161/1.186478761904762	YP_009163818.1	33.3	126	81	2	375	4	15	139	1.03e-13	68.6	524	182	71.0	68.7	YP_009163818.1 ORF_057R [Scale drop disease virus]
SRR33769967|k141_8441/Megrivirus/497/56-32/1.0302143902439025	YP_009909590.1	30.4	135	92	2	495	94	114	247	4.07e-13	68.2	497	275	80.9	48.7	YP_009909590.1 ABC transporter [Escherichia phage ev017]
SRR27912338|k141_8672/Cosavirus/553/187-163/1.0326115	YP_007003610.1	32.1	140	91	2	548	141	116	255	1.6e-12	68.2	553	1393	73.8	10.1	YP_007003610.1 tail length tape measure protein [Riemerella phage RAP44]
SRR30793086|k141_5532/Avisivirus/391/342-381/1.0593266666666667	YP_009323161.1	39.3	122	60	7	353	30	4	125	1.3e-13	68.2	391	264	82.9	46.2	YP_009323161.1 glycosyltransferase [Synechococcus phage S-CAM7]
SRR33227722|k141_42014/Parechovirus/347/138-174/1.014517080291971	YP_003347404.1	37.0	92	58	0	65	340	14	105	1.5e-13	68.2	347	361	79.5	25.5	YP_003347404.1 minor tail protein [Enterococcus phage phiFL4A]
SRR31341451|k141_8539/Limnipivirus/935/299-197/1.3364554838709677	YP_010655631.1	39.8	98	59	0	32	325	516	613	2.66e-11	67.8	935	1410	31.4	7.0	YP_010655631.1 tail length tape measure protein [Streptomyces phage KimJongPhill]
SRR30793086|k141_83312/Teschovirus/346/250-205/1.0476666393442624	YP_164312.1	67.4	43	14	0	144	16	1	43	1.99e-14	67.4	346	135	37.3	31.9	YP_164312.1 hypothetical protein F116p48 [Pseudomonas phage F116]
SRR30793086|k141_36590/Parechovirus/414/162-135/1.0071283333333334	YP_009834011.1	44.3	97	46	3	315	28	5	94	7.09e-13	67.4	414	552	69.6	16.3	YP_009834011.1 DNA helicase [Serratia phage vB_SmaM_ 2050HW]
SRR31861042|k141_897808/Megrivirus/3810/804-777/1.0108678125	NP_077596.1	61.2	49	19	0	1760	1906	101	149	3.32e-10	67.4	3810	447	3.9	11.0	NP_077596.1 serine-threonine kinase [Ectocarpus siliculosus virus 1]
SRR30793086|k141_66/Rafivirus/426/198-240/1.0718253488372091	YP_009880562.1	49.2	65	33	0	203	397	1	65	5.47e-13	67.4	426	321	45.8	20.2	YP_009880562.1 hypothetical protein HYP63_gp74 [Ruegeria phage vB_RpoP-V13]
SRR30793086|k141_80124/Ampivirus/531/30-78/1.011642619047619	YP_009044866.1	31.2	138	91	3	428	18	437	571	2.26e-12	67.4	531	757	77.4	17.8	YP_009044866.1 DNA primase [Listeria phage LP-101]
SRR30793086|k141_7335/Aphthovirus/307/70-40/1.218266	YP_009833939.1	45.3	75	41	0	280	56	40	114	2.86e-13	67.0	307	535	73.3	14.0	YP_009833939.1 NAD-dependent DNA ligase [Serratia phage vB_SmaM_ 2050HW]
SRR30793086|k141_6826/Harkavirus/459/108-75/1.144392767857143	YP_007517703.1	28.6	133	87	3	448	50	160	284	1.47e-12	67.0	459	542	86.9	23.1	YP_007517703.1 head-tail adaptor [Pelagibacter phage HTVC010P]
SRR31341451|k141_32037/Astroviridae/2129/1497-1581/1.003307027027027	YP_004957306.1	23.8	252	168	6	2099	1377	9	247	4.55e-11	67.0	2129	251	34.0	95.2	YP_004957306.1 ABC transporter [Planktothrix phage PaV-LD]
SRR25884626|k141_4363/Kunsagivirus/458/129-165/1.2415492063492064	YP_010781718.1	37.2	94	58	1	177	458	163	255	2e-12	66.6	458	537	61.6	17.3	YP_010781718.1 ATP binding cassette sub family F [Tupanvirus soda lake]
SRR30793086|k141_68179/Caliciviridae/328/201-222/1.367567894736842	YP_007674401.1	38.6	88	45	4	297	55	107	192	1.86e-13	66.6	328	236	74.1	36.4	YP_007674401.1 hypothetical protein SWZG_00036 [Synechococcus phage S-SKS1]
SRR31861042|k141_923117/Kunsagivirus/805/543-594/1.059120267857143	YP_009342179.1	34.0	100	66	0	502	801	148	247	3.32e-11	66.2	805	487	37.3	20.5	YP_009342179.1 RNA-dependent DNA polymerase [Lymphocystis disease virus Sa]
SRR30793086|k141_67482/Oscivirus/303/237-204/1.056839074074074	YP_009222823.1	47.8	67	34	1	302	105	305	371	4.44e-13	66.2	303	371	65.3	18.1	YP_009222823.1 head morphogenesis [Pseudomonas phage PS-1]
SRR27912338|k141_17527/Erbovirus/363/24-66/1.2731212264150944	YP_010087922.1	34.2	120	69	2	10	360	89	201	1.39e-12	65.9	363	484	96.7	23.3	YP_010087922.1 RNA-dependent DNA polymerase [Lymphocystis disease virus 4]
SRR31861042|k141_636885/Caliciviridae/555/201-174/1.1776734210526316	YP_007947990.1	29.3	188	107	5	1	549	755	921	1.09e-11	65.9	555	2249	98.9	7.4	YP_007947990.1 polyprotein [avihepatovirus A1]
SRR33769967|k141_44274/Harkavirus/422/356-296/1.7547885585585583	YP_009909590.1	30.8	130	84	4	37	417	97	223	1.95e-12	65.5	422	275	90.3	46.2	YP_009909590.1 ABC transporter [Escherichia phage ev017]
SRR33769967|k141_32391/Livupivirus/595/24-51/1.0182470476190475	YP_004957306.1	35.9	156	97	2	126	593	35	187	6.56e-12	65.5	595	251	78.7	61.0	YP_004957306.1 ABC transporter [Planktothrix phage PaV-LD]
SRR33769967|k141_10672/Mamastrovirus/510/399-357/1.123843853211009	YP_010803174.1	29.7	175	102	5	509	24	334	500	8.13e-12	65.5	510	544	95.3	30.7	YP_010803174.1 ABC transporter type 1 transmembrane domain [Fadolivirus algeromassiliense]
SRR30793086|k141_14815/Lagovirus/439/84-144/2.1907241666666666	YP_010356591.1	47.8	69	33	1	11	217	177	242	2.37e-12	65.1	439	243	47.2	27.2	YP_010356591.1 NinI-like serine-threonine phosphatase [Cellulophaga phage Calle_1]
SRR30793086|k141_84682/Sakobuvirus/393/93-135/1.2973051456310678	YP_009838324.1	37.2	86	54	0	392	135	82	167	3.52e-12	65.1	393	544	65.6	15.8	YP_009838324.1 chaperonin groEL [Vibrio phage YC]
SRR30793086|k141_82025/Avisivirus/348/252-285/1.1424089743589745	YP_009103897.1	59.2	49	20	0	206	60	10	58	1.78e-13	65.1	348	141	42.2	34.8	YP_009103897.1 NTP-PPase [Shewanella sp. phage 3/49]
SRR31861042|k141_1176730/Hepatovirus/425/404-386/1.1285230666666666	YP_009665181.1	52.2	67	32	0	304	104	90	156	6.32e-12	64.7	425	416	47.3	16.1	YP_009665181.1 polymerase, partial [Chick syncytial virus]
SRR33769967|k141_35561/Salivirus/427/226-190/1.0218195689655172	YP_009361798.1	38.9	113	59	3	360	28	127	231	7.08e-12	64.7	427	595	78.0	17.6	YP_009361798.1 Histidinol-phosphate aminotransferase [Pacmanvirus A23]
SRR33769967|k141_35399/Ampivirus/359/42-72/1.0145938333333333	YP_010803998.1	35.8	109	56	2	323	3	67	163	3.34e-12	64.7	359	528	89.4	18.4	YP_010803998.1 methionyl-tRNA synthetase [Fadolivirus algeromassiliense]
SRR31341451|k141_20352/Avihepatovirus/362/141-228/1.407738613861386	YP_009302418.1	49.2	61	31	0	361	179	278	338	4.01e-12	64.3	362	348	50.6	17.5	YP_009302418.1 ribonucleotide-diphosphate reductase beta subunit [Bacillus phage SP-15]
SRR33769967|k141_34665/Teschovirus/406/189-207/1.1082062605042018	NP_064912.1	30.1	136	82	3	6	398	441	568	8.15e-12	64.3	406	1384	96.8	9.2	NP_064912.1 ABC transporter [Betaentomopoxvirus amoorei]
SRR27912338|k141_12948/Gallivirus/377/290-251/1.0494786842105264	YP_009616740.1	58.1	62	26	0	373	188	282	343	4.65e-12	64.3	377	344	49.3	18.0	YP_009616740.1 tail sheath [Pseudomonas phage vB_PsyM_KIL4]
SRR31861042|k141_611596/Sakobuvirus/557/416-374/1.0132595652173912	YP_009109689.1	90.6	32	3	0	283	378	1030	1061	4.93e-11	63.9	557	1727	17.2	1.9	YP_009109689.1 gag-pol precursor polyprotein [Baboon endogenous virus strain M7]
SRR30793086|k141_52949/Limnipivirus/662/48-84/1.0535625	YP_010114578.1	37.5	96	41	2	420	650	246	341	7.04e-11	63.9	662	357	34.9	26.9	YP_010114578.1 hypothetical protein KNV73_gp105 [Flavobacterium phage vB_FspM_immuto_2-6A]
SRR30793086|k141_34493/Tremovirus/388/190-136/1.3779259302325582	YP_009807537.1	39.3	84	37	1	9	260	308	377	8.4e-12	63.9	388	558	64.9	12.5	YP_009807537.1 hypothetical protein HOT80_gp41 [Synechococcus T7-like phage S-TIP37]
SRR33227722|k141_33424/Hepatovirus/332/168-228/1.119652418032787	NP_945090.1	39.2	102	58	2	302	6	10	110	4.42e-12	63.9	332	429	89.5	23.5	NP_945090.1 MFS transporter [Burkholderia phage phi1026b]
SRR30793086|k141_37890/Sicinivirus/528/126-156/1.0245501801801802	YP_007237932.1	37.1	89	54	2	59	325	375	461	4.68e-11	63.5	528	728	50.6	12.0	YP_007237932.1 large terminase [Tetrasphaera phage TJE1]
SRR33227722|k141_96995/Harkavirus/386/255-297/1.6188462857142858	YP_009310055.1	80.0	40	8	0	122	3	431	470	1.16e-11	63.5	386	593	31.1	6.7	YP_009310055.1 ORF1 [Parus major densovirus]
SRR30793086|k141_75978/Torchivirus/711/96-78/1.1118493495934958	YP_008770088.1	33.3	153	94	7	263	703	3	153	1.44e-10	63.2	711	314	62.0	48.1	YP_008770088.1 5'-3' exonuclease [Bacillus phage CampHawk]
SRR31341451|k141_24249/Recovirus/850/432-465/1.1132735593220338	YP_010804070.1	30.8	159	94	6	849	385	64	210	5.73e-10	63.2	850	1060	54.7	13.9	YP_010804070.1 FAD/FMN-containing dehydrogenase with methyltransferase domain [Fadolivirus algeromassiliense]
SRR30793086|k141_53898/Hepatovirus/333/288-252/1.5200992	YP_009037238.1	58.5	41	17	0	2	124	187	227	4.81e-12	62.8	333	228	36.9	18.0	YP_009037238.1 hypothetical protein GJ22_gp104 [Nitrincola phage 1M3-16]
SRR33769967|k141_17615/Crohivirus/2718/1686-1617/1.160384649122807	YP_010780249.1	23.7	274	178	10	2363	1575	95	348	4.15e-09	62.8	2718	353	29.0	72.0	YP_010780249.1 glutamine synthetase [Tupanvirus deep ocean]
SRR31861042|k141_81747/Teschovirus/2627/1551-1602/1.097843394495413	YP_008003538.1	46.2	52	28	0	600	445	31	82	7.14e-11	62.4	2627	87	5.9	59.8	YP_008003538.1 unknown similar to AMEV007 [Mythimna separata entomopoxvirus 'L']
SRR31861042|k141_357027/Sicinivirus/614/62-26/1.0283164485981309	YP_010803578.1	58.0	50	20	1	150	1	54	102	3.74e-11	62.0	614	160	24.4	30.6	YP_010803578.1 cyclophilin-type peptidyl-prolyl cis-trans isomerase [Fadolivirus algeromassiliense]
SRR30793086|k141_56873/Vesivirus/371/101-38/1.178071195652174	YP_008433508.1	46.4	69	35	1	226	26	3	71	3.08e-11	62.0	371	379	54.2	18.2	YP_008433508.1 clamp loader of DNA polymerase [Pseudomonas phage PaBG]
SRR27912338|k141_11307/Potamipivirus/572/218-173/1.065574580152672	YP_010113625.1	27.7	188	117	6	558	25	308	486	2.88e-10	61.6	572	523	93.4	34.2	YP_010113625.1 recombinase [Enterococcus phage 9183]
SRR27912338|k141_15697/Harkavirus/477/336-378/1.0544129245283018	YP_010779699.1	41.0	61	36	0	435	253	5	65	1.23e-10	61.6	477	405	38.4	15.1	YP_010779699.1 hypothetical protein QJ854_gp318 [Moumouvirus goulette]
SRR30793086|k141_20933/Vesivirus/634/628-589/1.044681338028169	YP_003257428.1	46.7	105	49	2	299	595	104	207	2.43e-10	61.6	634	269	46.8	38.7	YP_003257428.1 hypothetical protein QEH43_gp064 [Streptomyces phage ZL12]
SRR30793086|k141_60945/Aalivirus/301/139-100/1.1794461467889907	YP_010359931.1	47.8	69	36	0	17	223	64	132	2.57e-12	61.6	301	145	68.8	47.6	YP_010359931.1 endolysin [uncultured phage cr17_1]
SRR33227722|k141_66349/Sakobuvirus/735/591-630/1.3361037168141592	YP_009046435.1	25.0	228	154	9	3	647	82	305	7.3e-10	61.2	735	308	87.8	72.7	YP_009046435.1 G-protein-coupled receptor family protein [Pigeonpox virus]
SRR33227722|k141_76077/Lagovirus/408/117-60/1.312733737373737	YP_009617199.1	77.8	36	8	0	291	398	1	36	1.1e-10	60.8	408	360	26.5	10.0	YP_009617199.1 DNA binding protein [Escherichia phage DE3]
SRR30793086|k141_85279/Sakobuvirus/288/69-39/1.3843025283018868	YP_009222578.1	60.0	50	18	1	288	139	368	415	4.53e-11	60.5	288	462	52.1	10.4	YP_009222578.1 hypothetical protein AXJ08_gp28 [Rhodoferax phage P26218]
SRR33769967|k141_38275/Vesivirus/1169/857-830/1.058189642857143	YP_239889.1	80.0	30	6	0	1071	1160	2	31	7.1e-09	60.1	1169	325	7.7	9.2	YP_239889.1 dehydrogenase [Staphylococcus phage 42E]
SRR30793086|k141_31636/Sakobuvirus/459/285-390/1.1208578151260504	YP_010773535.1	42.9	91	48	2	286	23	13	102	1.84e-11	60.1	459	102	57.5	88.2	YP_010773535.1 helix-turn-helix domain-containing protein [Pseudomonas phage BUCT566]
SRR33769967|k141_37496/Sakobuvirus/12579/4497-4530/1.0766505217391305	YP_009041983.1	22.8	324	204	10	2493	3395	90	390	2.4e-07	60.1	12579	431	7.2	69.8	YP_009041983.1 ornithine decarboxylase [Bovine gammaherpesvirus 6]
SRR31861042|k141_1338250/Avihepatovirus/436/337-310/1.0441865573770492	YP_001497148.1	44.8	58	30	1	263	436	707	762	4.74e-10	59.7	436	1739	39.9	3.2	YP_001497148.1 gag-pol precursor polyprotein [RD114 retrovirus]
SRR30793086|k141_82286/Passerivirus/356/141-198/1.0882718181818185	YP_002321451.1	29.8	104	70	1	27	338	397	497	1.91e-10	59.7	356	804	87.6	12.6	YP_002321451.1 DNA primase [Stenotrophomonas phage S1]
SRR33227722|k141_40409/Hepatovirus/322/46-16/1.0170742727272728	YP_010086996.1	41.9	74	43	0	232	11	356	429	1.26e-10	59.7	322	509	68.9	14.5	YP_010086996.1 egt [Cryptophlebia peltastica nucleopolyhedrovirus]
SRR33227722|k141_48989/Torchivirus/433/393-417/1.0701998876404497	YP_009067082.1	60.9	46	18	0	260	397	53	98	5.85e-10	59.3	433	746	31.9	6.2	YP_009067082.1 DUF3274 domain-containing protein [Ralstonia phage RSY1]
SRR30793086|k141_54268/Rafivirus/396/192-144/1.1044711538461538	YP_013606259.1	29.9	117	75	2	330	1	118	234	4.04e-10	59.3	396	696	83.3	16.8	YP_013606259.1 MAG portal protein [Bacteriophage sp.]
SRR27912338|k141_12578/Vesivirus/349/112-49/1.217496902173913	YP_008433508.1	46.6	58	31	0	187	14	22	79	2.19e-10	59.3	349	379	49.9	15.3	YP_008433508.1 clamp loader of DNA polymerase [Pseudomonas phage PaBG]
SRR33769967|k141_3599/Ampivirus/424/181-127/1.0309895217391305	YP_009042624.1	34.5	113	53	3	385	101	42	151	1.52e-10	58.5	424	151	67.2	72.8	YP_009042624.1 YopX family protein [Staphylococcus phage 6ec]
SRR30793086|k141_28574/Megrivirus/329/212-179/1.0834417931034483	YP_009125248.1	34.3	102	55	4	327	25	134	224	1.9e-10	58.5	329	237	92.1	38.4	YP_009125248.1 DNA methyltransferase [Mycobacterium phage Hades]
SRR31861042|k141_812331/Hunnivirus/596/464-434/1.1577616379310345	YP_009448415.1	38.5	104	58	4	208	513	14	113	3.76e-09	58.5	596	473	51.3	21.1	YP_009448415.1 Glycyl-tRNA synthetase [Orpheovirus IHUMI-LCC2]
SRR30793086|k141_23331/Torchivirus/318/111-84/1.1383047826086956	YP_009792693.1	39.7	63	38	0	247	59	1212	1274	3.24e-10	58.5	318	2097	59.4	3.0	YP_009792693.1 DNA methyltransferase [Bordetella phage vB_BbrM_PHB04]
SRR33227722|k141_67135/Oscivirus/785/713-677/1.177566274509804	YP_762585.1	27.4	117	83	2	698	351	383	498	1.16e-08	58.5	785	528	44.3	22.0	YP_762585.1 nuclease [Lactococcus phage Q54]
SRR30793086|k141_58397/Rafivirus/489/432-486/1.0913291472868216	YP_010357876.1	30.7	75	52	0	464	240	349	423	2.44e-09	58.2	489	761	46.0	9.9	YP_010357876.1 portal protein [Haloarcula tailed virus 3]
SRR33769967|k141_45564/Lagovirus/410/162-249/1.0355722018348623	YP_004957306.1	36.8	76	45	1	342	124	12	87	6.63e-10	58.2	410	251	53.4	30.3	YP_004957306.1 ABC transporter [Planktothrix phage PaV-LD]
SRR33769967|k141_22720/Cosavirus/383/320-296/1.0363291891891893	YP_009790918.1	28.4	102	70	1	359	63	4	105	1.5e-10	58.2	383	153	77.5	66.7	YP_009790918.1 putative DNA-binding response regulator [Alteromonas phage vB_AspP-H4/4]
SRR33769967|k141_35575/Teschovirus/449/323-257/1.06147	YP_009208865.1	40.0	85	44	2	176	418	1	82	1.51e-09	58.2	449	402	54.1	20.4	YP_009208865.1 transposase [Lactobacillus phage iLp1308]
SRR30793086|k141_51207/Gallivirus/321/282-261/1.2086806896551725	YP_006987710.1	54.5	55	23	1	249	85	99	151	1.34e-10	57.8	321	162	51.4	32.7	YP_006987710.1 putative homing endonuclease [Cronobacter phage vB_CsaP_GAP52]
SRR30793086|k141_74566/Torchivirus/417/120-96/1.5618061797752807	YP_006990665.1	40.7	81	43	3	135	374	3	79	5.74e-11	57.8	417	79	57.6	97.5	YP_006990665.1 hypothetical protein IME11_60 [Escherichia phage IME11]
SRR33769967|k141_45687/Pasivirus/398/56-29/1.057690594059406	YP_009001498.1	31.7	126	74	2	1	375	1244	1358	1.48e-09	57.8	398	1506	94.2	7.6	YP_009001498.1 ABC transporter [Alphaentomopoxvirus acuprea]
SRR33227722|k141_99978/Senecavirus/884/450-489/1.0596627205882352	YP_001427093.1	31.4	169	99	6	420	881	13	179	2.12e-08	57.4	884	271	52.3	61.6	YP_001427093.1 hypothetical protein ATCV1_Z612R [Acanthocystis turfacea chlorella virus 1]
SRR30793086|k141_81326/Lagovirus/385/346-325/1.1327466666666666	YP_010510379.1	33.6	107	51	2	16	333	66	153	9.47e-10	57.4	385	243	82.6	36.2	YP_010510379.1 homing endonuclease [uncultured phage cr23_1]
SRR27912338|k141_4272/Mamastrovirus/451/169-124/1.137848903508772	YP_010083057.1	38.5	96	57	1	288	7	6	101	5.86e-10	57.4	451	157	62.5	61.1	YP_010083057.1 hypothetical protein KMD26_gp11 [Leuconostoc phage phiMH1]
SRR27912338|k141_1611/Cardiovirus/430/189-228/1.1445265833333331	YP_004957306.1	25.4	142	103	1	3	428	104	242	1.49e-09	57.4	430	251	99.1	55.4	YP_004957306.1 ABC transporter [Planktothrix phage PaV-LD]
SRR31861042|k141_1268969/Avastrovirus/882/771-810/1.2845673255813954	YP_009342179.1	29.5	105	73	1	856	545	344	448	3.95e-08	57.4	882	487	35.4	21.6	YP_009342179.1 RNA-dependent DNA polymerase [Lymphocystis disease virus Sa]
SRR33769967|k141_18454/Vesivirus/1243/261-303/1.1614624074074074	NP_048426.1	24.0	254	148	9	85	804	22	244	6.96e-08	57.0	1243	298	57.9	74.8	NP_048426.1 NAD synthetase [Paramecium bursaria Chlorella virus 1]
SRR33769967|k141_9175/Ampivirus/1005/96-174/1.0671534545454546	YP_009552880.1	29.5	132	83	3	10	387	54	181	5.77e-08	57.0	1005	348	37.6	36.8	YP_009552880.1 putative isomerase [Bufonid herpesvirus 1]
SRR30793086|k141_37828/Norovirus/510/297-330/1.016484217687075	YP_009611958.1	28.7	164	95	6	434	3	84	245	8.31e-09	56.2	510	268	84.7	60.4	YP_009611958.1 chaperone protein DnaJ [Agrobacterium phage Atu_ph07]
SRR31861042|k141_244317/Senecavirus/1867/1741-1705/1.01190578125	YP_009177033.1	61.5	39	15	0	1246	1130	204	242	5.83e-07	56.2	1867	786	6.3	5.0	YP_009177033.1 alkaline phosphodiesterase [Turkeypox virus]
SRR33769967|k141_5622/Lagovirus/325/213-264/1.114134516129032	YP_010804469.1	35.8	109	56	4	1	321	80	176	2.11e-09	56.2	325	458	98.8	21.2	YP_010804469.1 hypothetical protein QKU58_gp065 [Pyramimonas orientalis virus]
SRR31861042|k141_1390288/Parechovirus/623/228-261/1.1365251327433628	NP_862833.2	51.0	49	24	0	413	267	687	735	3.21e-08	56.2	623	870	23.6	5.6	NP_862833.2 gag-pro-pol fusion, partial [Enzootic nasal tumor virus 2]
SRR31861042|k141_1216064/Limnipivirus/774/222-174/1.0721237962962962	YP_073558.1	36.0	86	55	0	204	461	274	359	8.27e-08	55.8	774	483	33.3	17.8	YP_073558.1 RNA-dependent DNA polymerase [lymphocystis disease virus-China]
SRR33227722|k141_94025/Tremovirus/320/252-300/1.1114860714285717	YP_009008089.1	43.1	72	36	2	315	103	68	135	6.36e-10	55.5	320	137	66.6	49.6	YP_009008089.1 transposase [Sulfolobus monocaudavirus SMV1]
SRR33769967|k141_2204/Tottorivirus/377/182-116/1.2581054216867469	YP_009619993.1	27.5	120	79	2	3	362	95	206	3.35e-09	55.5	377	212	95.5	52.8	YP_009619993.1 PIG-L family deacetylase [Stenotrophomonas phage vB_SmaS_DLP_5]
SRR30793086|k141_76366/Teschovirus/392/357-390/1.1533910091743118	YP_004322383.1	45.3	53	29	0	172	14	11	63	5.55e-10	55.5	392	97	40.6	54.6	YP_004322383.1 ferredoxin [Synechococcus phage S-SM2]
SRR27912338|k141_15885/Limnipivirus/383/92-56/1.155810972222222	YP_010083110.1	41.2	85	48	2	254	3	1	84	9.22e-09	55.1	383	356	65.8	23.6	YP_010083110.1 integrase [Leuconostoc phage phiMH1]
SRR27912338|k141_19070/Vesivirus/671/357-390/1.003433820224719	YP_004957306.1	35.2	105	64	3	653	348	142	245	5.09e-08	55.1	671	251	45.6	41.4	YP_004957306.1 ABC transporter [Planktothrix phage PaV-LD]
SRR30793086|k141_789/Gallivirus/530/38-5/1.0340346551724138	YP_009813258.1	28.5	158	95	5	66	515	7	154	1.41e-08	54.7	530	175	84.9	84.6	YP_009813258.1 tail completion or Neck1 protein [Acinetobacter phage vB_AbaM_B09_Aci02-2]
SRR25884626|k141_3824/Aphthovirus/381/150-186/1.1932646296296294	YP_010781597.1	42.2	64	34	1	316	125	475	535	1.99e-08	54.3	381	1593	50.4	3.8	YP_010781597.1 non-ribosomal peptide synthetase [Tupanvirus soda lake]
SRR33769967|k141_39665/Astroviridae/413/386-263/1.2997985714285714	YP_009154705.1	29.3	140	84	5	411	1	455	582	2.69e-08	54.3	413	941	99.5	13.6	YP_009154705.1 nonstructural protein [Astrovirus Er/SZAL6/HUN/2011]
SRR30793086|k141_798/Norovirus/1110/960-1035/1.0211212030075187	YP_008241498.1	43.1	58	33	0	204	377	2	59	3.45e-07	54.3	1110	263	15.7	22.1	YP_008241498.1 hypothetical protein Phi17:2_gp003 [Cellulophaga phage phi17:2]
SRR31861042|k141_141528/Aquamavirus/1524/1215-1248/1.0254120869565218	NP_041188.1	37.5	80	46	1	37	264	471	550	1.5e-06	54.3	1524	615	15.0	13.0	NP_041188.1 envelope protein [Jaagsiekte sheep retrovirus]
SRR31861042|k141_391248/Livupivirus/522/273-228/1.254735238095238	YP_010087922.1	31.4	118	71	2	6	350	71	181	8.41e-08	53.9	522	484	66.1	22.9	YP_010087922.1 RNA-dependent DNA polymerase [Lymphocystis disease virus 4]
SRR31861042|k141_436649/Harkavirus/214/45-75/1.2305649541284402	YP_001497148.1	40.4	57	32	1	15	185	75	129	3.55e-09	53.9	214	1739	79.9	3.2	YP_001497148.1 gag-pol precursor polyprotein [RD114 retrovirus]
SRR33227722|k141_55078/Potamipivirus/503/416-314/1.0576181196581196	YP_009617199.1	27.9	154	105	4	52	501	137	288	9.01e-08	53.5	503	360	89.5	42.2	YP_009617199.1 DNA binding protein [Escherichia phage DE3]
SRR30793086|k141_49050/Avisivirus/324/54-27/1.046088596491228	YP_010749324.1	36.2	105	57	5	308	12	126	226	2.49e-08	53.1	324	490	91.7	20.6	YP_010749324.1 putative structural protein [Escherichia phage 26]
SRR30793086|k141_40396/Kunsagivirus/453/402-351/1.0416289763779527	YP_009193878.1	33.7	89	55	1	43	309	15	99	7.44e-08	53.1	453	295	58.9	28.8	YP_009193878.1 replication initiation protein [Paenibacillus phage Harrison]
SRR33769967|k141_17756/Aquamavirus/923/498-528/1.1548606542056077	YP_010783431.1	26.3	114	83	1	655	317	7	120	7.86e-07	53.1	923	322	36.7	35.4	YP_010783431.1 putative arabinose-5-phosphate isomerase [Tetraselmis virus 1]
SRR31861042|k141_212513/Limnipivirus/404/198-243/1.1094102777777777	YP_443923.1	53.7	41	19	0	254	132	550	590	6.02e-08	53.1	404	687	30.4	6.0	YP_443923.1 envelope protein [Atlantic salmon swim bladder sarcoma virus]
SRR31861042|k141_414862/Erbovirus/3281/1101-1140/1.0556402654867256	YP_010803386.1	44.4	45	25	0	502	368	45	89	1.47e-06	53.1	3281	189	4.1	23.8	YP_010803386.1 ubiquitin-conjugating enzyme E2 [Fadolivirus algeromassiliense]
SRR33227722|k141_40394/Ampivirus/538/415-361/1.1800711764705882	YP_010778212.1	31.0	113	74	3	109	447	358	466	1.84e-07	53.1	538	569	63.0	19.2	YP_010778212.1 multidrug export ATPase/permease [Bodo saltans virus]
SRR33769967|k141_5877/Vesivirus/682/309-348/1.201395648148148	NP_048426.1	25.0	176	111	5	131	649	22	179	3.15e-07	53.1	682	298	76.1	53.0	NP_048426.1 NAD synthetase [Paramecium bursaria Chlorella virus 1]
SRR30793086|k141_73403/Megrivirus/371/306-348/1.0640163025210083	YP_010675213.1	44.9	49	27	0	12	158	517	565	5.84e-08	52.8	371	636	39.6	7.7	YP_010675213.1 DNA helicase [Providencia phage PSTCR4]
SRR31861042|k141_129650/Kunsagivirus/1626/1023-1065/1.5582816867469875	YP_010803108.1	36.9	65	41	0	1186	1380	102	166	3.72e-06	52.8	1626	394	12.0	16.5	YP_010803108.1 ATP-dependent RNA helicase DEAD-box [Fadolivirus algeromassiliense]
SRR30793086|k141_5368/Ampivirus/335/273-306/1.0098371428571429	YP_010802958.1	36.2	69	44	0	102	308	58	126	4.67e-08	52.4	335	302	61.8	22.8	YP_010802958.1 pyruvate carboxyltransferase [Fadolivirus algeromassiliense]
SRR27912338|k141_10939/Tremovirus/316/235-175/1.7836239534883722	YP_010084238.1	33.7	83	51	2	70	306	45	127	1.23e-08	52.4	316	153	75.0	54.2	YP_010084238.1 putative aspartyl protease [Bracoviriform nigricipitis]
SRR30793086|k141_44857/Aphthovirus/457/129-156/1.1680469523809525	YP_013357150.1	33.9	115	59	5	22	315	28	142	3.61e-08	52.4	457	142	64.3	81.0	YP_013357150.1 putative cell wall peptidase [Xanthomonas phage XAJ2]
SRR31861042|k141_1348797/Teschovirus/1011/843-819/1.04939376146789	YP_008436862.1	36.1	72	40	1	334	531	777	848	3.5e-06	52.4	1011	2313	19.6	3.1	YP_008436862.1 RNA polymerase largest subunit [Pandoravirus salinus]
SRR30793086|k141_13082/Lagovirus/500/473-428/1.013294343434343	YP_009483298.1	28.4	155	104	3	496	38	147	296	2.19e-07	52.4	500	356	91.8	42.1	YP_009483298.1 Dyptype peroxidase protein [Pandoravirus quercus]
SRR33769967|k141_49143/Tremovirus/890/426-459/1.0350285714285716	YP_012037289.1	45.0	60	31	1	839	660	1	58	5.95e-08	52.0	890	67	20.2	86.6	YP_012037289.1 hypothetical protein vBLmoSP7_019c [Aquingentivirus P7]
SRR30793086|k141_44601/Avihepatovirus/414/189-234/1.397387931034483	YP_010670322.1	34.8	66	43	0	209	12	384	449	1.59e-07	52.0	414	511	47.8	12.9	YP_010670322.1 beta-1,4-glycosyltransferase [Synechococcus phage S-SRM01]
SRR31861042|k141_261078/Tremovirus/309/192-171/1.1890816279069767	YP_009342179.1	27.5	91	61	1	1	273	381	466	5.53e-08	52.0	309	487	88.3	17.7	YP_009342179.1 RNA-dependent DNA polymerase [Lymphocystis disease virus Sa]
SRR33769967|k141_18601/Tremovirus/561/465-432/1.0237255357142858	YP_012037289.1	45.0	60	31	1	52	231	1	58	2.01e-08	52.0	561	67	32.1	86.6	YP_012037289.1 hypothetical protein vBLmoSP7_019c [Aquingentivirus P7]
SRR27912338|k141_3907/Ampivirus/650/230-191/1.1495038983050847	YP_010803097.1	42.3	71	39	1	443	649	3	73	4.72e-07	52.0	650	232	31.8	30.6	YP_010803097.1 GIY-YIg nuclease [Fadolivirus algeromassiliense]
SRR33769967|k141_47373/Harkavirus/511/99-174/1.0279616428571428	YP_009322503.1	32.1	81	49	4	371	138	3	80	4e-08	51.6	511	96	45.8	81.3	YP_009322503.1 ferredoxin [Synechococcus phage S-CAM9]
SRR33227722|k141_47860/Livupivirus/1189/1102-1060/1.0252200833333334	YP_009168541.1	27.9	147	78	5	647	288	54	199	1.81e-06	51.6	1189	208	30.3	70.2	YP_009168541.1 membrane protein [Lactobacillus phage LBR48]
SRR33769967|k141_28855/Teschovirus/634/430-403/1.012192396694215	YP_009842095.1	29.5	132	87	2	132	527	267	392	1.33e-06	51.2	634	393	62.5	32.1	YP_009842095.1 restriction endonuclease subunit S [Lactobacillus phage BH1]
SRR31861042|k141_336592/Senecavirus/436/165-207/1.1454551376146789	YP_009342179.1	28.4	148	88	4	20	421	282	425	4.91e-07	50.8	436	487	92.2	29.6	YP_009342179.1 RNA-dependent DNA polymerase [Lymphocystis disease virus Sa]
SRR33769967|k141_50323/Potamipivirus/751/543-576/1.3798079569892472	NP_046564.1	36.5	74	47	0	496	717	100	173	9.97e-07	50.8	751	177	29.6	41.8	NP_046564.1 acetyltransferase [Bacillus phage SPBc2]
SRR30793086|k141_33000/Aquamavirus/348/150-186/1.1487281308411217	YP_007517703.1	31.0	87	59	1	66	326	154	239	2.11e-07	50.8	348	542	75.0	15.9	YP_007517703.1 head-tail adaptor [Pelagibacter phage HTVC010P]
SRR31861042|k141_480194/Rafivirus/936/378-423/1.279509457364341	YP_010804105.1	44.9	49	26	1	55	201	226	273	4.02e-06	50.8	936	285	15.7	16.8	YP_010804105.1 phytanoyl-CoA dioxygenase [Fadolivirus algeromassiliense]
SRR33227722|k141_74843/Ampivirus/360/147-84/1.15967952	YP_006383856.1	41.7	84	36	2	136	360	14	93	4.71e-08	50.8	360	127	62.5	63.0	YP_006383856.1 anti-termination protein N-like [Salmonella phage SPN9CC]
SRR33769967|k141_7673/Senecavirus/823/138-162/1.0213606306306309	YP_009792714.1	30.0	100	62	1	746	471	67	166	2.15e-06	50.4	823	199	33.5	50.3	YP_009792714.1 transcriptional regulator [Bordetella phage vB_BbrM_PHB04]
SRR31861042|k141_651712/Sapovirus/359/105-162/1.1717200724637682	YP_010663508.1	36.1	97	45	5	70	357	790	870	3.42e-07	50.4	359	911	80.2	8.9	YP_010663508.1 tail length tape measure protein [Streptococcus phage SW22]
SRR31861042|k141_177986/Rafivirus/638/311-251/1.1349725954198473	NP_048589.1	67.6	34	11	0	139	240	12	45	4.05e-06	50.1	638	725	16.0	4.7	NP_048589.1 Holliday junction branch migration helicase [Paramecium bursaria Chlorella virus 1]
SRR25884626|k141_4294/Astroviridae/315/249-309/1.5066078285714286	YP_009337272.1	44.3	70	34	2	114	311	104	172	2.73e-07	50.1	315	519	62.9	13.3	YP_009337272.1 hypothetical protein 1 [Shuangao insect virus 9]
SRR30793086|k141_59556/Aalivirus/358/12-60/1.1003831851851853	YP_010649886.1	34.1	91	57	2	325	56	78	166	3.75e-07	50.1	358	284	75.4	31.3	YP_010649886.1 hypothetical protein PP419_gp06 [Microbacterium phage vB_MoxS-R1]
SRR30793086|k141_6371/Sakobuvirus/349/198-228/1.1431063865546218	NP_203465.1	28.3	99	67	2	1	285	142	240	4.08e-07	49.7	349	242	81.7	40.9	NP_203465.1 tail protein [Myxococcus phage Mx8]
SRR33227722|k141_83203/Parechovirus/789/279-249/1.2722565765765763	YP_010802933.1	39.3	61	37	0	607	789	16	76	2.35e-06	49.7	789	164	23.2	37.2	YP_010802933.1 protein-tyrosine phosphatase [Fadolivirus algeromassiliense]
SRR33227722|k141_60301/Teschovirus/932/801-840/1.1333173873873874	YP_009617199.1	32.5	80	54	0	345	106	4	83	1.22e-05	49.7	932	360	25.8	22.2	YP_009617199.1 DNA binding protein [Escherichia phage DE3]
SRR30793086|k141_65666/Cosavirus/439/39-72/1.02565	YP_010054361.1	31.6	114	71	2	42	383	583	689	1.35e-06	49.7	439	941	77.9	11.4	YP_010054361.1 terminase large subunit [Klebsiella phage YX3973]
SRR30793086|k141_52315/Mosavirus/308/128-86/1.0117711206896551	YP_010356512.1	29.5	95	64	2	3	287	65	156	1.25e-07	49.7	308	157	92.5	58.6	YP_010356512.1 DUF285 domain-containing protein [Flavobacterium phage vB_FspP_elemoC_14-1A]
SRR31861042|k141_19394/Sapovirus/779/414-435/1.0874446280991736	YP_010796159.1	35.7	70	41	2	5	202	603	672	1.05e-05	49.7	779	729	25.4	9.6	YP_010796159.1 fiber [Mastadenovirus porcusquartum]
SRR33769967|k141_51351/Caliciviridae/2044/1014-1062/1.1395102702702704	YP_002117594.1	30.7	140	88	3	1010	1429	66	196	3.49e-05	49.7	2044	299	20.5	43.8	YP_002117594.1 protease [Rhizobium phage 16-3]
SRR30793086|k141_55665/Rafivirus/316/295-256/1.08339432	YP_008320313.1	54.7	64	16	3	19	207	637	688	3.97e-07	49.7	316	711	59.8	7.3	YP_008320313.1 head-tail adaptor [Puniceispirillum phage HMO-2011]
SRR31861042|k141_1184750/Avisivirus/1370/734-593/1.0123983846153846	YP_010801915.1	39.1	69	40	1	696	496	39	107	1.63e-05	49.7	1370	264	14.7	26.1	YP_010801915.1 BTB/POZ domain-containing protein [Acanthamoeba castellanii medusavirus]
SRR31861042|k141_476607/Harkavirus/5056/4840-4801/1.1416753435114504	YP_009186748.1	56.5	46	19	1	891	1028	373	417	0.000214	49.3	5056	451	2.7	10.0	YP_009186748.1 helicase-2 [Sucra jujuba nucleopolyhedrovirus]
SRR30793086|k141_58563/Potamipivirus/304/175-115/1.13271	YP_010803236.1	58.1	31	13	0	210	302	4	34	4.37e-07	49.3	304	431	30.6	7.2	YP_010803236.1 glycoside hydrolase family 32 [Fadolivirus algeromassiliense]
SRR30793086|k141_70378/Limnipivirus/303/294-246/1.0154635714285714	NP_720326.1	36.8	68	43	0	288	85	435	502	4.61e-07	49.3	303	517	67.3	13.2	NP_720326.1 terminase family protein [Salmonella phage ST64T]
SRR33769967|k141_47964/Caliciviridae/335/45-78/1.112283023255814	YP_010653390.1	41.0	83	46	1	250	2	87	166	5.78e-07	49.3	335	308	74.3	26.0	YP_010653390.1 DprA-like DNA processing chain A [Gordonia phage Vasanti]
SRR30793086|k141_12731/Sapovirus/340/24-111/1.0529888034188035	YP_009854499.1	45.0	60	31	2	27	200	347	406	6.59e-07	49.3	340	508	51.2	11.8	YP_009854499.1 DNA helicase [Flavobacterium phage vB_FspM_lotta8-1]
SRR31861042|k141_252667/Senecavirus/2557/559-517/1.0506707894736842	YP_009481855.1	50.0	32	16	0	2102	2197	374	405	9.67e-05	49.3	2557	457	3.8	7.0	YP_009481855.1 Ring finger protein [Pandoravirus neocaledonia]
SRR31861042|k141_85115/Limnipivirus/1557/411-501/1.481059349593496	YP_008603282.1	46.3	41	22	0	1183	1061	535	575	7.88e-05	48.9	1557	699	7.9	5.9	YP_008603282.1 putative env [Human endogenous retrovirus K113]
SRR27912338|k141_12547/Bopivirus/450/81-111/1.2614124137931035	YP_004508455.1	37.5	144	67	9	17	409	268	401	2.55e-06	48.9	450	511	87.3	26.2	YP_004508455.1 hypothetical protein SCRM01_022 [Synechococcus phage S-CRM01]
SRR30793086|k141_31742/Ampivirus/438/405-363/1.139139827586207	YP_010678084.1	37.1	89	52	3	286	23	456	541	2.47e-06	48.9	438	830	60.3	10.4	YP_010678084.1 DNA primase/helicase [Arthrobacter phage Kaylissa]
SRR33769967|k141_15194/Rafivirus/2053/1840-1789/1.2944303539823008	YP_010804261.1	23.5	217	137	6	1059	496	88	304	0.000114	48.9	2053	640	27.5	33.9	YP_010804261.1 oxidoreductase [Fadolivirus algeromassiliense]
SRR33227722|k141_14519/Norovirus/727/262-232/1.0206300877192982	YP_009015548.1	34.4	64	42	0	415	224	2	65	8.35e-06	48.5	727	209	26.4	30.6	YP_009015548.1 ABC transporter [Bacillus phage G]
SRR30793086|k141_47286/Potamipivirus/381/69-30/1.3689740909090908	YP_009012395.1	31.7	82	52	1	135	380	5	82	1.57e-06	48.5	381	276	64.6	28.3	YP_009012395.1 nucleotide-sugar epimerase [Escherichia phage phi92]
SRR30793086|k141_5183/Aalivirus/447/321-348/1.1100704032258064	YP_004306949.1	28.2	124	81	3	34	384	226	348	3.5e-06	48.5	447	545	78.5	22.6	YP_004306949.1 putative ATP-dependent helicase [Streptococcus phage Dp-1]
SRR33769967|k141_38198/Avastrovirus/808/528-597/1.0144886086956522	YP_010664395.1	35.6	135	75	5	416	793	9	140	1.2e-05	48.1	808	192	46.8	68.8	YP_010664395.1 hypothetical protein PQA69_gp36 [Yersinia phage vB_YenM_324]
SRR25884626|k141_5252/Megrivirus/751/468-516/1.1530598319327732	NP_620827.1	29.1	158	95	7	33	467	1	154	8.96e-06	47.8	751	157	57.9	98.1	NP_620827.1 capsid protein [Panicum mosaic satellite virus]
SRR30793086|k141_23289/Avihepatovirus/385/147-180/1.0472170247933883	NP_700379.1	41.0	61	32	2	186	368	103	159	3.42e-06	47.8	385	401	47.5	14.2	NP_700379.1 major head protein [Salmonella phage ST64B]
SRR30793086|k141_16737/Vesivirus/459/177-132/1.0075870093457944	YP_112519.1	29.8	84	58	1	410	162	188	271	7.29e-06	47.8	459	739	54.2	11.4	YP_112519.1 hypothetical protein PHG11b_43 [Flavobacterium phage 11b]
SRR30793086|k141_23472/Torchivirus/375/57-21/1.2405822608695651	YP_010806042.1	34.3	99	56	6	336	58	201	296	2.98e-06	47.8	375	299	74.4	32.1	YP_010806042.1 laminin G domain protein [Yangshan Harbor Nitrososphaeria virus]
SRR30793086|k141_5215/Livupivirus/421/276-309/1.002715165289256	YP_010108978.1	50.0	48	23	1	234	374	2	49	2.35e-06	47.4	421	153	33.5	31.4	YP_010108978.1 D-alanyl-D-alanine carboxypeptidase [Flavobacterium phage vB_FspP_elemoF_6-3D]
SRR33769967|k141_41132/Gallivirus/431/246-264/1.0615350892857145	YP_009595159.1	43.8	48	27	0	8	151	522	569	7.62e-06	47.4	431	571	33.4	8.4	YP_009595159.1 hypothetical protein FDG96_gp14 [Bacillus phage Mgbh1]
SRR30793086|k141_82167/Kunsagivirus/350/125-47/1.5030906024096384	NP_612832.1	57.6	33	14	0	336	238	385	417	3.43e-06	47.4	350	422	28.3	7.8	NP_612832.1 portal protein [Clostridium phage phi3626]
SRR31861042|k141_722752/Erbovirus/705/633-591/1.0334396226415097	YP_010087922.1	34.4	90	49	2	671	411	81	163	3.95e-05	47.4	705	484	37.0	17.1	YP_010087922.1 RNA-dependent DNA polymerase [Lymphocystis disease virus 4]
SRR33227722|k141_28731/Vesivirus/720/390-426/1.1393233035714283	YP_009596367.1	31.5	89	55	3	257	9	30	118	3.94e-05	47.0	720	272	34.6	32.7	YP_009596367.1 zinc metallopeptidase [Rhodococcus phage Weasels2]
SRR33227722|k141_2670/Ailurivirus/377/332-284/1.0191685454545454	YP_001427093.1	35.3	68	39	1	262	74	126	193	5.27e-06	47.0	377	271	50.1	25.1	YP_001427093.1 hypothetical protein ATCV1_Z612R [Acanthocystis turfacea chlorella virus 1]
SRR30793086|k141_1751/Lagovirus/313/102-201/1.027486218487395	YP_013605481.1	36.0	75	44	2	39	260	402	473	4.45e-06	46.6	313	637	70.9	11.3	YP_013605481.1 terminase large subunit [Caudoviricetes sp. vir335]
SRR33227722|k141_40265/Astroviridae/898/381-411/1.0376029838709675	YP_009665179.1	29.8	114	73	3	75	404	953	1063	0.000167	46.6	898	1200	36.7	9.3	YP_009665179.1 pol polyprotein, partial [Walleye epidermal hyperplasia virus 1]
SRR31861042|k141_1398958/Potamipivirus/3131/512-425/1.0508535483870969	YP_009838654.1	33.8	65	43	0	582	388	97	161	0.00073	46.6	3131	370	6.2	17.6	YP_009838654.1 AAA family ATPase [Paenibacillus phage Yyerffej]
SRR33227722|k141_76264/Lagovirus/506/497-449/1.0224452032520326	YP_009015560.1	38.2	55	34	0	504	340	139	193	1.34e-05	46.6	506	200	32.6	27.5	YP_009015560.1 head maturation protease [Bacillus phage G]
SRR33227722|k141_7436/Teschovirus/457/174-207/1.0422760447761197	YP_007007224.1	36.5	85	54	0	202	456	418	502	1.83e-05	46.6	457	769	55.8	11.1	YP_007007224.1 ATP-dependent protease [Klebsiella phage vB_KleM_RaK2]
SRR30793086|k141_6158/Limnipivirus/492/381-321/1.1796353174603176	YP_007674974.1	30.8	120	78	3	145	492	985	1103	2.52e-05	46.6	492	1107	70.7	10.7	YP_007674974.1 tail protein, partial [Cyanophage KBS-S-2A]
SRR31861042|k141_309513/Tottorivirus/1615/1047-1104/1.367205975609756	YP_073558.1	38.8	49	30	0	210	64	200	248	0.000374	46.6	1615	483	9.1	10.1	YP_073558.1 RNA-dependent DNA polymerase [lymphocystis disease virus-China]
SRR30793086|k141_37135/Tottorivirus/464/245-197/1.2098858035714286	YP_009196076.1	36.8	68	42	1	23	223	90	157	1.82e-05	46.6	464	541	43.3	12.6	YP_009196076.1 terminase large subunit [Mannheimia phage vB_MhM_3927AP2]
SRR27912338|k141_3764/Harkavirus/518/183-282/1.1153425	YP_007392492.1	35.4	96	43	3	284	517	25	119	3.93e-05	46.2	518	823	45.2	11.5	YP_007392492.1 helicase [Pectobacterium phage phiTE]
SRR30793086|k141_83618/Rafivirus/314/149-98/1.482257076923077	NP_046860.1	33.3	108	60	5	1	309	403	503	8.53e-06	45.8	314	607	98.4	16.6	NP_046860.1 DNA polymerase [Mycobacterium phage D29]
SRR30793086|k141_45543/Gallivirus/360/111-42/1.1379523333333337	YP_009614259.1	36.0	100	51	2	9	281	39	134	4.62e-06	45.8	360	142	75.8	67.6	YP_009614259.1 virion structural protein [Mycobacterium phage Send513]
SRR30793086|k141_77966/Vesivirus/421/231-258/1.0175512037037038	YP_010778386.1	29.0	93	63	1	135	404	298	390	2.22e-05	45.8	421	420	64.1	22.1	YP_010778386.1 methyltransferase [Bodo saltans virus]
SRR31861042|k141_64391/Sicinivirus/556/453-480/1.1650944036697248	YP_009342179.1	35.8	67	41	2	302	496	297	363	8.33e-05	45.4	556	487	35.1	13.8	YP_009342179.1 RNA-dependent DNA polymerase [Lymphocystis disease virus Sa]
SRR30793086|k141_4237/Bopivirus/501/225-201/1.186765	YP_010796961.1	33.3	81	49	2	491	252	1110	1186	6.58e-05	45.4	501	1186	47.9	6.5	YP_010796961.1 PolB [Mayetiola barley midge adintovirus]
SRR33769967|k141_21504/Tremovirus/501/306-336/1.3783546511627909	YP_010299071.1	23.0	126	96	1	100	477	2	126	5.09e-05	45.4	501	310	75.4	40.3	YP_010299071.1 hypothetical protein MPI94_gp62 [Pseudomonas phage YMC12/01/R24]
SRR31861042|k141_110948/Hepatovirus/875/731-704/1.119299	YP_009337860.1	27.3	66	45	1	631	443	1272	1337	0.000392	45.4	875	2178	21.6	3.0	YP_009337860.1 RNA-dependent RNA polymerase [Wenling crustacean virus 13]
SRR30793086|k141_36898/Aquamavirus/645/519-543/1.005485652173913	YP_010674271.1	26.6	128	86	3	642	259	69	188	0.000161	45.1	645	367	59.5	32.7	YP_010674271.1 hypothetical protein PQC57_gp089 [Escherichia phage vB_EcoP_WFI101126]
SRR27912338|k141_6268/Sicinivirus/744/693-669/1.0651167889908255	YP_010738405.1	50.0	44	22	0	241	110	1	44	0.000297	45.1	744	722	17.7	6.1	YP_010738405.1 tail fiber domain-containing protein [Stenotrophomonas phage A1432]
SRR31341451|k141_36285/Ampivirus/1123/664-610/1.20980375	YP_003969703.1	29.9	87	61	0	997	737	5	91	0.000466	44.7	1123	243	23.2	35.8	YP_003969703.1 putative tRNA pseudouridine 5S synthase [Cafeteria roenbergensis virus BV-PW1]
SRR30793086|k141_30891/Limnipivirus/316/99-129/1.137461623931624	YP_009986882.1	50.9	57	24	2	261	103	80	136	2.18e-05	44.7	316	457	50.3	12.5	YP_009986882.1 tail sheath [Escherichia phage ukendt]
SRR33227722|k141_12699/Limnipivirus/332/221-176/1.0813991836734695	YP_007111432.1	36.5	63	40	0	212	24	7	69	1.92e-05	44.3	332	171	56.9	36.8	YP_007111432.1 Rz-like spanin [Enterobacteria phage mEp237]
SRR27912338|k141_9235/Lagovirus/630/594-546/1.05261775	YP_004306110.1	28.8	139	82	3	127	537	22	145	9.01e-05	44.3	630	147	65.2	84.4	YP_004306110.1 HK97 gp10 family protein [Clostridium phage phiCD6356]
SRR31861042|k141_588372/Limnipivirus/364/349-247/1.3235415873015874	YP_073558.1	40.5	74	43	1	360	142	153	226	4.83e-05	44.3	364	483	60.2	15.3	YP_073558.1 RNA-dependent DNA polymerase [lymphocystis disease virus-China]
SRR30793086|k141_5928/Hunnivirus/946/637-604/1.1260726229508196	YP_010773514.1	42.3	52	30	0	925	770	114	165	0.000243	44.3	946	168	16.5	31.0	YP_010773514.1 HNH endonuclease [Pseudomonas phage BUCT566]
SRR30793086|k141_73870/Harkavirus/490/147-207/1.004472641509434	YP_009850698.1	27.9	122	82	3	79	435	415	533	0.000147	44.3	490	794	72.9	15.0	YP_009850698.1 hypothetical protein HWC57_gp41 [Microbacterium phage Araxxi]
SRR33227722|k141_13726/Ampivirus/466/342-402/1.0408526890756302	YP_009177770.1	48.6	37	19	0	27	137	184	220	0.000106	43.9	466	223	23.8	16.6	YP_009177770.1 A/G-specific adenine glycosylase [Aeropyrum pernix spindle-shaped virus 1]
SRR31861042|k141_1381981/Livupivirus/213/48-3/1.3888319834710745	YP_009342179.1	38.9	54	33	0	49	210	148	201	1.24e-05	43.9	213	487	76.1	11.1	YP_009342179.1 RNA-dependent DNA polymerase [Lymphocystis disease virus Sa]
SRR30793086|k141_73873/Sakobuvirus/585/57-81/1.3879077708333334	YP_006990105.1	23.1	130	97	3	560	180	226	355	0.000388	43.5	585	357	65.1	36.4	YP_006990105.1 glycosyltransferase [Sulfolobales Mexican rudivirus 1]
SRR33769967|k141_23007/Avisivirus/374/371-344/1.2510424324324323	YP_009352826.1	43.5	46	23	1	286	158	135	180	9.55e-05	43.5	374	428	34.5	10.7	YP_009352826.1 Serine protease, DegP/HtrA, do-like [Kaumoebavirus]
SRR33227722|k141_48656/Limnipivirus/310/123-153/1.1044779629629629	YP_008241666.1	34.5	55	36	0	253	89	252	306	4.95e-05	43.5	310	327	53.2	16.8	YP_008241666.1 membrane protein [Cellulophaga phage phi17:2]
SRR27912338|k141_8899/Ampivirus/856/618-663/1.2837071844660193	YP_010091002.1	47.4	38	20	0	1	114	178	215	0.000855	43.1	856	223	13.3	17.0	YP_010091002.1 transcriptional repressor [Burkholderia phage FLC5]
SRR33769967|k141_31804/Avisivirus/748/477-504/1.0524098290598292	YP_003257474.1	40.3	62	37	0	544	359	37	98	0.000192	43.1	748	116	24.9	53.4	YP_003257474.1 two component transcriptional regulator [Streptomyces phage ZL12]
SRR30793086|k141_2965/Astroviridae/448/156-189/1.4735725806451614	YP_010655456.1	30.7	88	58	3	10	270	52	137	0.000121	42.7	448	139	58.3	61.9	YP_010655456.1 major tail protein [Streptomyces phage Dubu]
SRR31341451|k141_7070/Vesivirus/412/205-175/1.1004973786407766	YP_009015548.1	37.7	61	37	1	181	360	2	62	0.000178	42.7	412	209	43.7	29.2	YP_009015548.1 ABC transporter [Bacillus phage G]
SRR31861042|k141_914662/Mamastrovirus/593/372-450/1.061318717948718	YP_010804469.1	32.4	68	44	1	303	500	26	93	0.000805	42.7	593	458	33.4	14.8	YP_010804469.1 hypothetical protein QKU58_gp065 [Pyramimonas orientalis virus]
SRR33769967|k141_10122/Vesivirus/384/345-315/1.1565693518518518	YP_009003339.1	40.8	49	29	0	147	1	1	49	0.000178	42.7	384	284	38.3	17.3	YP_009003339.1 glycerate kinase [Streptococcus thermophilus DSM 20617]
SRR30793086|k141_32573/Astroviridae/332/83-56/1.1024549019607843	YP_009797118.1	32.4	74	47	2	305	90	3	75	8.85e-05	42.4	332	160	65.1	45.6	YP_009797118.1 transcriptional repressor [Faecalibacterium phage FP_Epona]
SRR33227722|k141_4625/Ampivirus/332/66-108/1.3163900892857143	YP_007877730.1	37.9	58	34	1	331	164	417	474	0.000165	42.4	332	479	50.6	12.1	YP_007877730.1 dehydrogenase [Cyanophage P-RSM1]
SRR33769967|k141_57822/Potamipivirus/362/84-141/1.011382827586207	YP_010654339.1	28.7	129	72	3	8	361	390	509	0.000334	42.0	362	2137	97.8	5.6	YP_010654339.1 tail length tape measure protein [Gordonia phage DobbysSock]
SRR33769967|k141_43819/Limnipivirus/392/176-134/1.0009481196581198	YP_008766949.1	27.4	117	82	2	36	383	32	146	0.000336	42.0	392	265	88.8	43.4	YP_008766949.1 IS21-like element IS21 family helper ATPase IstB [Enterobacteria phage fiAA91-ss]
SRR30793086|k141_66942/Sakobuvirus/313/94-55/1.0168539130434784	YP_009596391.1	33.3	87	50	5	272	27	151	234	0.000163	42.0	313	264	78.6	31.8	YP_009596391.1 metallophosphoesterase [Rhodococcus phage Weasels2]
SRR31861042|k141_1420316/Ailurivirus/372/312-282/1.0444495454545455	YP_009449015.1	94.7	19	1	0	372	316	57	75	0.000232	42.0	372	197	15.3	9.6	YP_009449015.1 GTP ras-related protein Rac1 [Orpheovirus IHUMI-LCC2]
SRR33769967|k141_19240/Sapovirus/335/332-287/1.0360914492753623	YP_010085444.1	29.4	119	72	5	1	324	96	213	0.000307	41.6	335	389	96.7	30.3	YP_010085444.1 nucleotide-sugar epimerase [Eastern grey kangaroopox virus]
SRR30793086|k141_4431/Caliciviridae/314/213-243/1.0041289189189189	YP_009820986.1	47.2	36	19	0	301	194	175	210	0.000202	41.6	314	212	34.4	17.0	YP_009820986.1 thymidylate synthase [Synechococcus phage S-B28]
SRR30793086|k141_85310/Livupivirus/318/222-246/3.8665410526315793	YP_010754216.1	47.1	51	26	1	261	112	18	68	0.000281	41.6	318	670	47.2	7.6	YP_010754216.1 portal protein [Streptomyces phage Chymera]
SRR31341451|k141_38942/Livupivirus/866/605-548/1.086470826446281	YP_010665114.1	27.9	68	49	0	316	113	33	100	0.000706	41.6	866	108	23.6	63.0	YP_010665114.1 chromate transport protein [Ochrobactrum phage POA1180]
SRR30793086|k141_52461/Harkavirus/332/33-75/1.0133125688073394	YP_010078267.1	52.2	46	20	1	191	322	20	65	0.000137	41.6	332	140	39.8	32.9	YP_010078267.1 hypothetical protein KMC45_gp03 [Ralstonia phage Eline]
SRR30793086|k141_25703/Gallivirus/365/314-287/1.0379933035714286	YP_009302488.1	43.6	39	22	0	229	345	16	54	0.000288	41.6	365	192	32.1	20.3	YP_009302488.1 uracil-DNA glycosylase [Bacillus phage SP-15]
SRR31341451|k141_32485/Gallivirus/308/104-83/1.0428111386138614	YP_398612.1	40.9	44	26	0	161	292	9	52	0.000151	41.2	308	139	42.9	31.7	YP_398612.1 transposase [Clostridium phage c-st]
SRR30793086|k141_82685/Potamipivirus/342/51-99/1.3340981720430107	YP_010037878.1	29.1	103	58	1	329	21	116	203	0.000473	41.2	342	663	90.4	13.3	YP_010037878.1 DNA helicase [Ralstonia phage phiRSP]
SRR30793086|k141_71316/Gallivirus/308/140-110/1.0823219811320757	YP_009908404.1	29.3	92	48	2	286	62	283	374	0.000333	41.2	308	553	73.1	16.6	YP_009908404.1 terminase [Stx2-converting phage Stx2a_F451]
SRR25884626|k141_1170/Sicinivirus/310/258-294/1.0513387401574803	YP_010751347.1	42.9	49	25	1	11	148	284	332	0.000322	41.2	310	334	44.5	14.7	YP_010751347.1 hypothetical protein QDA04_gp56 [Microbacterium phage Megan]
SRR33769967|k141_21268/Potamipivirus/521/165-201/1.0553943269230768	YP_009786291.1	35.1	57	35	1	1	171	50	104	0.000372	41.2	521	104	32.8	52.9	YP_009786291.1 thioredoxin domain [Staphylococcus phage vB_SscM-1]
SRR27912338|k141_14895/Mamastrovirus/322/142-85/1.0235495412844036	YP_009169239.1	35.8	95	46	5	285	7	27	108	0.000399	40.8	322	202	86.6	40.6	YP_009169239.1 DNA methyltransferase [Campylobacter phage CP220]
SRR31861042|k141_971674/Sapovirus/402/24-96/1.054837948717949	YP_667900.1	36.8	38	24	0	395	282	62	99	0.000822	40.8	402	222	28.4	17.1	YP_667900.1 hypothetical protein [Neodiprion abietis nucleopolyhedrovirus]
SRR30793086|k141_37787/Avihepatovirus/812/378-423/1.8742542424242423	YP_010673137.1	40.4	47	26	1	618	484	1	47	0.000363	40.8	812	53	16.6	88.7	YP_010673137.1 hypothetical protein PQC43_gp143 [Escherichia phage vB_EcoP-101114UKE3]
SRR30793086|k141_81291/Avihepatovirus/306/27-51/1.185916967213115	YP_009168437.1	29.3	92	60	1	20	295	110	196	0.000539	40.4	306	268	90.2	32.5	YP_009168437.1 amidoligase enzyme [Citrobacter phage CVT22]
SRR33227722|k141_24763/Sakobuvirus/458/12-57/1.1898020388349513	YP_009207764.1	41.7	48	28	0	307	450	1	48	0.000283	40.4	458	73	31.4	65.8	YP_009207764.1 DksA-like zinc-finger protein [Mannheimia phage vB_MhM_587AP1]
SRR31341451|k141_31328/Megrivirus/318/162-192/1.03520015625	YP_009174707.1	44.7	38	21	0	263	150	131	168	0.00093	40.0	318	555	35.8	6.8	YP_009174707.1 putative thiamine pyrophosphate enzyme TPP binding domain protein [Yellowstone lake phycodnavirus 1]
SRR31861042|k141_1002860/Astroviridae/313/217-178/1.1037414285714284	YP_667900.1	40.0	40	24	0	203	84	62	101	0.000988	39.7	313	222	38.3	18.0	YP_667900.1 hypothetical protein [Neodiprion abietis nucleopolyhedrovirus]
SRR33769967|k141_61105/Harkavirus/331/97-58/1.305970733944954	YP_009465934.1	38.5	65	38	2	277	86	42	105	0.000722	39.3	331	116	58.0	55.2	YP_009465934.1 hypothetical protein C5Y57_gp181 [Dishui lake phycodnavirus 1]
SRR31341451|k141_23183/Parechovirus/314/305-281/1.1930887962962962	YP_010278265.1	65.2	23	8	0	135	203	12	34	0.000819	37.7	314	58	22.0	39.7	YP_010278265.1 hypothetical protein KNT57_gp098 [Shigella phage KNP5]
