,qseqid,sseqid,pident,align_len,mismatch,gapopen,qstart,qend,sstart,send,evalue,bitscore,qlen,slen,qcovhsp,scovhsp,stitle,compare_key
7,SRR19115554|k141_5601/Parechovirus/5445/1959-2604/5.9939350000000005,NP_851403.1,67.8,1656,473,8,498,5444,11,1613,0.0,2189.0,5445,1933,90.9,82.9,NP_851403.1 non-structural polyprotein [Kashmir bee virus],Parechovirus/5445/1959-2604
12,SRR19115554|k141_58113/Kobuvirus/3706/2050-895/5.295877066666667,NP_066241.1,94.5,1091,58,2,3350,84,1,1091,0.0,2035.0,3706,1906,88.2,57.2,NP_066241.1 replicase polyprotein [Acute bee paralysis virus],Kobuvirus/3706/2050-895
15,SRR19115554|k141_51339/Astroviridae/5822/2399-1865/2.259261066666667,YP_009552769.1,68.0,1390,437,6,5787,1624,1,1384,0.0,1886.0,5822,1761,71.5,78.6,YP_009552769.1 nonstructural polyprotein [Culex Bastrovirus-like virus],Astroviridae/5822/2399-1865
20,SRR19115554|k141_44621/Parechovirus/9210/4566-3630/6.62289875,YP_009342327.1,51.0,1907,802,24,8674,2993,42,1829,0.0,1745.0,9210,1830,61.7,97.7,YP_009342327.1 hypothetical protein 1 [Wuhan insect virus 11],Parechovirus/9210/4566-3630
31,SRR19115554|k141_55636/Kobuvirus/4071/1794-486/6.300871333333333,YP_009272812.1,56.8,1166,462,11,3460,17,38,1179,0.0,1305.0,4071,2694,84.6,42.4,YP_009272812.1 polyprotein [Washington bat picornavirus],Kobuvirus/4071/1794-486
34,SRR14381429|k141_17285/Parechovirus/9792/8040-9408/7.294681666666666,YP_009330050.1,2026-09-30 00:00:00,2878,1747,65,1441,9612,241,3027,0.0,1170.0,9792,3029,83.5,92.0,YP_009330050.1 hypothetical protein [Hubei myriapoda virus 1],Parechovirus/9792/8040-9408
35,SRR14381429|k141_9498/Parechovirus/9261/7521-8994/7.5658125,YP_009330050.1,2026-09-30 00:00:00,2887,1729,68,923,9094,241,3027,0.0,1169.0,9261,3029,88.2,92.0,YP_009330050.1 hypothetical protein [Hubei myriapoda virus 1],Parechovirus/9261/7521-8994
36,SRR14381429|k141_14722/Parechovirus/9860/7449-9447/8.3129975,YP_009330050.1,2026-06-30 00:00:00,2891,1750,71,1482,9683,240,3027,0.0,1161.0,9860,3029,83.2,92.0,YP_009330050.1 hypothetical protein [Hubei myriapoda virus 1],Parechovirus/9860/7449-9447
45,SRR19115554|k141_43826/Parechovirus/4450/288-1740/8.855935416666666,YP_009342287.1,74.4,762,154,10,2235,4448,1,745,0.0,1090.0,4450,1165,49.8,63.9,YP_009342287.1 hypothetical protein 2 [Wuhan arthropod virus 2],Parechovirus/4450/288-1740
46,SRR14381429|k141_29796/Parechovirus/8889/7575-8865/7.315646666666667,YP_009330050.1,2026-04-30 00:00:00,2789,1697,67,976,8886,241,2939,0.0,1084.0,8889,3029,89.0,89.1,YP_009330050.1 hypothetical protein [Hubei myriapoda virus 1],Parechovirus/8889/7575-8865
49,SRR19115554|k141_55426/Kobuvirus/5021/3656-2570/3.4900675333333333,YP_009140562.1,40.2,1549,658,19,4101,1,93,1554,0.0,1055.0,5021,3057,81.7,47.8,YP_009140562.1 putative polyprotein [La Jolla virus],Kobuvirus/5021/3656-2570
55,SRR19115554|k141_51475/Parechovirus/5656/1450-1081/1.3277200833333334,YP_009230207.1,55.1,928,407,5,5576,2796,5,923,0.0,1021.0,5656,1006,49.2,91.4,YP_009230207.1 capsid protein [Camponotus nipponicus virus],Parechovirus/5656/1450-1081
56,SRR14381429|k141_31770/Astroviridae/6707/6653-4058/55.608476,YP_009505809.1,69.4,758,214,9,2377,137,48,798,0.0,1010.0,6707,800,33.4,93.9,YP_009505809.1 capsid protein precursor [Bat astrovirus Hp/Guangxi/LC03/2007],Astroviridae/6707/6653-4058
59,SRR14381429|k141_11582/Astroviridae/2484/6-2046/45.04718,YP_009505809.1,68.0,756,230,8,160,2400,46,798,0.0,999.0,2484,800,90.2,94.1,YP_009505809.1 capsid protein precursor [Bat astrovirus Hp/Guangxi/LC03/2007],Astroviridae/2484/6-2046
67,SRR14381429|k141_16175/Parechovirus/5373/1659-2127/4.164125416666667,YP_009342321.1,37.5,1514,866,23,740,5152,388,1864,2.2e-299,942.0,5373,2976,82.1,49.6,YP_009342321.1 hypothetical protein [Wuhan insect virus 13],Parechovirus/5373/1659-2127
68,SRR14381429|k141_18644/Astroviridae/4882/4042-2509/55.97276,YP_009505809.1,65.3,760,243,11,2370,130,46,797,0.0,942.0,4882,800,45.9,94.0,YP_009505809.1 capsid protein precursor [Bat astrovirus Hp/Guangxi/LC03/2007],Astroviridae/4882/4042-2509
75,SRR14381429|k141_20596/Kobuvirus/4011/3051-1725/6.17156,YP_009336575.1,42.1,1303,664,25,3695,3,69,1353,1.59e-290,904.0,4011,3061,92.1,42.0,YP_009336575.1 hypothetical protein [Hubei picorna-like virus 29],Kobuvirus/4011/3051-1725
88,SRR14381429|k141_17997/Astroviridae/1749/1716-9/44.83488666666666,YP_009505809.1,72.2,543,135,9,1611,19,47,585,1.89e-270,761.0,1749,800,91.1,67.4,YP_009505809.1 capsid protein precursor [Bat astrovirus Hp/Guangxi/LC03/2007],Astroviridae/1749/1716-9
98,SRR14381429|k141_14709/Astroviridae/3436/906-3183/46.63772666666667,YP_009664789.1,51.9,769,300,16,1137,3239,73,839,2.39e-248,728.0,3436,850,61.2,90.2,YP_009664789.1 capsid protein precursor [Mamastrovirus 18],Astroviridae/3436/906-3183
99,SRR19115554|k141_42819/Astroviridae/1226/744-1200/1.3526981333333334,YP_009164038.1,84.1,402,64,0,18,1223,26,427,4.52e-262,723.0,1226,539,98.4,74.6,YP_009164038.1 RNA-dependent RNA polymerase [Verticillium dahliae partitivirus 1],Astroviridae/1226/744-1200
116,SRR14381429|k141_17033/Kobuvirus/2613/699-2025/6.622795333333333,YP_009336575.1,43.8,864,444,12,57,2528,69,930,1.8699999999999998e-207,657.0,2613,3061,94.6,2026-02-28 00:00:00,YP_009336575.1 hypothetical protein [Hubei picorna-like virus 29],Kobuvirus/2613/699-2025
122,SRR19115554|k141_21488/Kobuvirus/1137/99-1122/4.67939,YP_008888535.1,84.4,379,58,1,2,1135,1290,1668,6.34e-216,645.0,1137,1938,99.7,2026-06-19 00:00:00,YP_008888535.1 non-structural polyprotein [Formica exsecta virus 1],Kobuvirus/1137/99-1122
123,SRR19115554|k141_57972/Astroviridae/5601/3732-2190/52.81573333333333,YP_009664783.1,62.8,468,174,0,3593,2190,1,468,9.77e-214,644.0,5601,470,2026-01-25 00:00:00,99.6,"YP_009664783.1 non-structural polyprotein 1AB, partial [Bat astrovirus Tm/Guangxi/LD77/2007]",Astroviridae/5601/3732-2190
125,SRR14381429|k141_5211/Parechovirus/5098/3351-4860/7.087174999999999,YP_009330050.1,2026-06-29 00:00:00,1721,1033,46,89,4939,1382,3027,1.72e-192,642.0,5098,3029,95.2,54.3,YP_009330050.1 hypothetical protein [Hubei myriapoda virus 1],Parechovirus/5098/3351-4860
126,SRR14381429|k141_10396/Parechovirus/5580/4266-5556/7.4383025,YP_009330050.1,2026-03-28 00:00:00,1986,1211,51,4,5577,1038,2939,5.03e-187,630.0,5580,3029,99.9,62.8,YP_009330050.1 hypothetical protein [Hubei myriapoda virus 1],Parechovirus/5580/4266-5556
127,SRR19115554|k141_590/Parechovirus/1675/930-1158/2.3400618333333334,YP_009345133.1,57.2,530,225,2,25,1608,10,539,3.33e-221,625.0,1675,543,94.6,97.6,YP_009345133.1 RdRp [Wuhan cricket virus 2],Parechovirus/1675/930-1158
130,SRR19115554|k141_12066/Astroviridae/1549/645-1293/1.9959722,YP_009342308.1,60.0,512,205,0,10,1545,43,554,7.31e-220,622.0,1549,576,99.2,88.9,YP_009342308.1 RdRp [Wuhan Millipede virus 4],Astroviridae/1549/645-1293
134,SRR14381429|k141_21581/Astroviridae/1485/1230-6/47.01519333333333,YP_009664790.1,67.5,428,138,1,1285,2,1,427,3.65e-218,614.0,1485,522,86.5,81.8,"YP_009664790.1 non-structural polyprotein 1AB, partial [Bat astrovirus Tm/Guangxi/LD38/2007]",Astroviridae/1485/1230-6
137,SRR19115554|k141_43217/Kobuvirus/8972/8012-7622/2.0631445333333334,YP_009140560.1,25.0,2847,1732,98,8371,227,127,2697,9.699999999999999e-176,610.0,8972,2776,90.8,92.6,YP_009140560.1 putative polyprotein [Kilifi Virus],Kobuvirus/8972/8012-7622
140,SRR19115554|k141_5597/Parechovirus/1563/750-480/2.8640746666666668,YP_009345133.1,60.0,490,195,1,1556,90,44,533,1.4600000000000004e-212,602.0,1563,543,93.9,90.2,YP_009345133.1 RdRp [Wuhan cricket virus 2],Parechovirus/1563/750-480
147,SRR14381429|k141_33133/Astroviridae/1985/1637-83/50.04074666666667,YP_009664783.1,57.7,471,197,2,1496,84,1,469,1.79e-201,577.0,1985,470,71.2,99.8,"YP_009664783.1 non-structural polyprotein 1AB, partial [Bat astrovirus Tm/Guangxi/LD77/2007]",Astroviridae/1985/1637-83
156,SRR14381429|k141_24306/Parechovirus/6530/1733-260/7.98834,YP_009330050.1,2026-04-29 00:00:00,1515,929,39,4467,160,1574,3027,1.68e-156,544.0,6530,3029,66.0,48.0,YP_009330050.1 hypothetical protein [Hubei myriapoda virus 1],Parechovirus/6530/1733-260
157,SRR19115554|k141_12732/Parechovirus/1582/345-1314/4.8131075,YP_009337152.1,52.5,503,236,3,3,1511,1154,1653,5.289999999999999e-172,541.0,1582,2876,95.4,2026-04-17 00:00:00,YP_009337152.1 hypothetical protein [Hubei picorna-like virus 34],Parechovirus/1582/345-1314
168,SRR19115554|k141_56662/Parechovirus/2838/1680-2427/2.12268275,YP_009337376.1,57.2,437,184,3,1433,2740,4,438,1.3600000000000001e-179,530.0,2838,441,46.1,98.6,YP_009337376.1 hypothetical protein 2 [Wenzhou sobemo-like virus 4],Parechovirus/2838/1680-2427
169,SRR14381429|k141_24914/Parechovirus/1240/63-381/2.31707875,YP_009345906.1,61.1,414,152,4,1,1233,1654,2061,9.53e-170,530.0,1240,3179,99.4,2026-08-12 00:00:00,YP_009345906.1 polyprotein [Bat iflavirus],Parechovirus/1240/63-381
172,SRR19115554|k141_2030/Astroviridae/2117/951-1551/1.6050855333333334,YP_009346039.1,49.3,542,267,6,291,1904,23,560,3.27e-179,525.0,2117,561,76.2,95.9,YP_009346039.1 RdRp [Wuhan insect virus 22],Astroviridae/2117/951-1551
191,SRR19115554|k141_53905/Parechovirus/929/186-819/6.33984,YP_008888535.1,82.2,303,54,0,19,927,449,751,1.27e-166,511.0,929,1938,97.8,2026-06-15 00:00:00,YP_008888535.1 non-structural polyprotein [Formica exsecta virus 1],Parechovirus/929/186-819
193,SRR19115554|k141_43535/Parechovirus/778/135-660/2.46274475,YP_145791.1,99.2,255,2,0,3,767,229,483,5.72e-166,511.0,778,2893,98.3,2026-08-08 00:00:00,YP_145791.1 polyprotein [Varroa destructor virus 1],Parechovirus/778/135-660
198,SRR33769988|k141_97225/Astroviridae/631566/290919-290433/1.2031737333333332,YP_009173627.1,49.7,581,248,10,63401,65026,10,585,2.52e-151,496.0,631566,676,0.3,85.2,YP_009173627.1 Hsp70 protein [Chrysochromulina ericina virus],Astroviridae/631566/290919-290433
199,SRR14381429|k141_31821/Parechovirus/3428/1719-3246/3.6494878333333336,YP_009330050.1,46.9,571,285,10,1738,3426,247,807,2.56e-147,494.0,3428,3029,49.3,2026-05-18 00:00:00,YP_009330050.1 hypothetical protein [Hubei myriapoda virus 1],Parechovirus/3428/1719-3246
202,SRR19115554|k141_30361/Astroviridae/1127/399-1041/2.607831066666667,YP_009342308.1,63.3,373,137,0,7,1125,118,490,1.7399999999999997e-170,490.0,1127,576,99.3,64.8,YP_009342308.1 RdRp [Wuhan Millipede virus 4],Astroviridae/1127/399-1041
210,SRR14381429|k141_34296/Parechovirus/5012/1022-2/5.83711625,YP_009330050.1,2026-05-26 00:00:00,1786,1124,48,5012,3,1130,2842,1.68e-139,484.0,5012,3029,100.0,56.6,YP_009330050.1 hypothetical protein [Hubei myriapoda virus 1],Parechovirus/5012/1022-2
212,SRR14381429|k141_24231/Kobuvirus/3565/2191-1840/1.1869818666666667,YP_009336659.1,49.2,512,251,5,2685,1162,17,523,1.41e-157,483.0,3565,525,42.7,96.6,YP_009336659.1 hypothetical protein 2 [Hubei tombus-like virus 17],Kobuvirus/3565/2191-1840
221,SRR19115554|k141_32897/Astroviridae/1603/1387-469/1.3837565333333333,YP_009337875.1,58.8,376,153,2,1170,43,1,374,2.5e-164,474.0,1603,381,70.4,98.2,YP_009337875.1 hypothetical protein 2 [Hubei diptera virus 14],Astroviridae/1603/1387-469
230,SRR19115554|k141_10692/Parechovirus/801/552-63/2.397360166666666,YP_009342337.1,83.1,261,44,0,783,1,176,436,2.87e-149,464.0,801,2914,97.8,9.0,YP_009342337.1 hypothetical protein [Wuhan fly virus 4],Parechovirus/801/552-63
240,SRR19115554|k141_48228/Astroviridae/1323/795-195/1.8194763333333333,YP_009329869.1,50.8,437,210,4,1316,12,21,454,1.88e-156,453.0,1323,468,98.6,92.7,YP_009329869.1 RdRp [Beihai barnacle virus 13],Astroviridae/1323/795-195
243,SRR19115554|k141_51416/Astroviridae/2397/804-114/1.5089321333333332,YP_009330068.1,49.5,499,234,6,2351,894,92,585,7.56e-147,446.0,2397,585,60.8,84.4,YP_009330068.1 hypothetical protein 1 [Hubei sobemo-like virus 33],Astroviridae/2397/804-114
245,SRR19115554|k141_54967/Kobuvirus/1409/554-134/1.7024196666666669,NP_066242.1,79.6,280,53,2,867,28,5,280,6.859999999999998e-146,442.0,1409,914,59.6,30.2,NP_066242.1 capsid protein [Acute bee paralysis virus],Kobuvirus/1409/554-134
247,SRR19115554|k141_53157/Astroviridae/1468/594-1176/2.6545736,YP_009329869.1,46.0,472,250,5,38,1453,1,467,6.97e-149,436.0,1468,468,96.5,99.8,YP_009329869.1 RdRp [Beihai barnacle virus 13],Astroviridae/1468/594-1176
251,SRR14381429|k141_25796/Parechovirus/4098/1095-39/6.387970833333333,YP_009330050.1,2026-08-27 00:00:00,1433,886,37,4083,34,1489,2856,4.19e-121,422.0,4098,3029,98.8,45.2,YP_009330050.1 hypothetical protein [Hubei myriapoda virus 1],Parechovirus/4098/1095-39
256,SRR14381429|k141_8927/Kobuvirus/2605/1675-1/3.944046,YP_009342321.1,38.9,588,337,11,1714,2,2107,2689,1.98e-123,415.0,2605,2976,65.8,2026-06-19 00:00:00,YP_009342321.1 hypothetical protein [Wuhan insect virus 13],Kobuvirus/2605/1675-1
261,SRR19115554|k141_40504/Kobuvirus/1127/899-14/4.715039333333333,YP_009336743.1,55.1,379,161,4,1119,1,1317,1692,6.590000000000001e-129,410.0,1127,1997,99.3,2026-08-18 00:00:00,YP_009336743.1 hypothetical protein 1 [Wenling crustacean virus 3],Kobuvirus/1127/899-14
267,SRR19115554|k141_37201/Kobuvirus/1228/456-1203/2.172543333333333,YP_009342286.1,50.9,409,199,2,3,1226,1022,1429,7.46e-127,405.0,1228,1794,99.7,2026-07-22 00:00:00,YP_009342286.1 hypothetical protein 1 [Wuhan arthropod virus 2],Kobuvirus/1228/456-1203
271,SRR19115554|k141_51897/Parechovirus/1490/453-870/1.383468666666667,YP_009143313.1,43.5,481,265,5,9,1439,80,557,4.34e-133,402.0,1490,659,96.0,72.5,YP_009143313.1 RNA-dependent RNA polymerase [Camponotus yamaokai virus],Parechovirus/1490/453-870
291,SRR14381429|k141_13160/Kobuvirus/2837/773-179/4.294058000000001,YP_009330050.1,36.8,652,372,16,1887,1,2049,2683,2.85e-113,387.0,2837,3029,66.5,21.0,YP_009330050.1 hypothetical protein [Hubei myriapoda virus 1],Kobuvirus/2837/773-179
296,SRR14381429|k141_5792/Parechovirus/1482/651-1131/2.535141,YP_009329869.1,46.9,418,219,3,126,1373,34,450,5.36e-128,383.0,1482,468,84.2,89.1,YP_009329869.1 RdRp [Beihai barnacle virus 13],Parechovirus/1482/651-1131
299,SRR19115554|k141_35243/Astroviridae/3165/1191-195/2.693029533333333,YP_009330084.1,46.0,433,227,5,1356,67,4,432,4.67e-122,383.0,3165,433,40.8,99.1,YP_009330084.1 hypothetical protein 2 [Hubei sobemo-like virus 29],Astroviridae/3165/1191-195
303,SRR19115554|k141_577/Kobuvirus/2062/621-2013/3.1782738,YP_009337003.1,39.0,598,337,15,314,2056,1829,2415,5.26e-114,381.0,2062,2786,84.5,2026-01-21 00:00:00,YP_009337003.1 hypothetical protein [Hubei picorna-like virus 26],Kobuvirus/2062/621-2013
308,SRR14381429|k141_7331/Astroviridae/799/63-618/1.899309,YP_271922.1,66.4,265,89,0,1,795,225,489,1.33e-127,375.0,799,538,99.5,49.3,YP_271922.1 putative dsRNA-dependent RNA polymerase [Penicillium stoloniferum virus F],Astroviridae/799/63-618
311,SRR19115554|k141_35531/Astroviridae/1737/699-54/1.5309149333333332,YP_009330069.1,63.9,266,93,1,799,2,8,270,2.12e-123,371.0,1737,379,45.9,69.4,YP_009330069.1 hypothetical protein 2 [Hubei sobemo-like virus 33],Astroviridae/1737/699-54
312,SRR19115554|k141_16315/Kobuvirus/1467/1392-465/2.881689333333333,YP_009272812.1,45.5,481,244,10,1454,33,735,1204,7.27e-113,370.0,1467,2694,96.9,2026-04-17 00:00:00,YP_009272812.1 polyprotein [Washington bat picornavirus],Kobuvirus/1467/1392-465
315,SRR19115554|k141_37799/Astroviridae/1128/369-1044/3.0169182,YP_009346039.1,50.7,363,167,3,63,1124,134,493,2.9000000000000004e-123,369.0,1128,561,94.1,64.2,YP_009346039.1 RdRp [Wuhan insect virus 22],Astroviridae/1128/369-1044
317,SRR19115554|k141_56864/Astroviridae/1552/633-1215/2.1592866666666666,YP_009329882.1,41.4,466,267,5,45,1442,3,462,1.02e-120,365.0,1552,470,90.1,97.9,YP_009329882.1 RdRp [Wuhan insect virus 23],Astroviridae/1552/633-1215
319,SRR19115554|k141_42648/Parechovirus/949/204-618/2.03908875,YP_009329869.1,57.6,309,129,2,27,947,151,459,2.1999999999999998e-121,359.0,949,468,97.0,66.0,YP_009329869.1 RdRp [Beihai barnacle virus 13],Parechovirus/949/204-618
321,SRR14381429|k141_21195/Parechovirus/3673/1690-7/6.711626666666667,YP_009330050.1,2026-01-27 00:00:00,1296,796,39,3648,1,1621,2847,5.8e-101,358.0,3673,3029,99.3,40.5,YP_009330050.1 hypothetical protein [Hubei myriapoda virus 1],Parechovirus/3673/1690-7
325,SRR19115554|k141_57438/Parechovirus/1523/729-1155/2.637495,YP_009329867.1,40.3,464,262,5,83,1468,2,452,1.24e-117,356.0,1523,452,91.0,99.8,YP_009329867.1 RdRp [Xinzhou partiti-like virus 1],Parechovirus/1523/729-1155
328,SRR14381429|k141_36460/Astroviridae/2652/1119-492/2.5234710666666667,YP_009330003.1,46.5,372,196,2,1215,103,1,370,3.55e-113,353.0,2652,374,42.0,98.9,YP_009330003.1 hypothetical protein 2 [Hubei sobemo-like virus 46],Astroviridae/2652/1119-492
330,SRR14381429|k141_30912/Astroviridae/2954/2921-368/54.87458933333333,NP_795334.1,32.5,841,489,18,2793,388,71,871,1.58e-105,352.0,2954,874,81.4,91.6,NP_795334.1 putative serine protase [Mamastrovirus 10],Astroviridae/2954/2921-368
333,SRR19115554|k141_57539/Parechovirus/1438/645-1068/2.2694925,YP_009329869.1,42.9,438,244,5,113,1417,34,468,2.94e-115,350.0,1438,468,90.8,92.9,YP_009329869.1 RdRp [Beihai barnacle virus 13],Parechovirus/1438/645-1068
338,SRR14381429|k141_2372/Parechovirus/1318/306-942/2.5147193333333333,YP_009336543.1,41.0,437,253,4,1,1296,57,493,1.96e-103,340.0,1318,2565,98.3,17.0,YP_009336543.1 hypothetical protein 1 [Hubei picorna-like virus 56],Parechovirus/1318/306-942
342,SRR14381429|k141_25842/Parechovirus/1998/903-1968/6.450929666666667,YP_009342053.1,36.0,617,364,15,172,1998,2266,2859,2.23e-98,335.0,1998,3023,91.4,2026-06-19 00:00:00,YP_009342053.1 hypothetical protein [Wuhan coneheads virus 1],Parechovirus/1998/903-1968
346,SRR19115554|k141_2131/Parechovirus/642/285-573/1.1537504166666668,YP_008888535.1,77.1,214,49,0,1,642,398,611,2.65e-103,330.0,642,1938,100.0,11.0,YP_008888535.1 non-structural polyprotein [Formica exsecta virus 1],Parechovirus/642/285-573
358,SRR19115554|k141_33655/Astroviridae/485/66-477/1.0303182666666666,YP_009336856.1,96.9,161,5,0,2,484,47,207,5.09e-108,320.0,485,536,99.6,30.0,YP_009336856.1 hypothetical protein 1 [Sanxia sobemo-like virus 4],Astroviridae/485/66-477
363,SRR19115554|k141_50523/Parechovirus/2382/834-72/2.213010666666667,YP_009337376.1,43.6,346,190,2,1035,1,17,358,1.97e-99,318.0,2382,441,43.5,77.6,YP_009337376.1 hypothetical protein 2 [Wenzhou sobemo-like virus 4],Parechovirus/2382/834-72
364,SRR19115554|k141_21823/Parechovirus/1444/643-325/1.5658991666666668,YP_009337677.1,40.3,489,258,9,1442,21,283,752,6.61e-98,318.0,1444,939,98.5,50.1,YP_009337677.1 hypothetical protein 1 [Beihai tombus-like virus 15],Parechovirus/1444/643-325
370,SRR19115554|k141_20063/Astroviridae/891/66-708/1.7615581333333334,YP_009330098.1,58.2,263,109,1,20,808,92,353,1.38e-105,314.0,891,353,88.6,74.2,YP_009330098.1 hypothetical protein 3 [Hubei sobemo-like virus 13],Astroviridae/891/66-708
377,SRR14381429|k141_2605/Parechovirus/889/501-870/4.924792916666667,YP_009336575.1,51.1,305,139,1,4,888,435,739,7.54e-94,306.0,889,3061,99.6,10.0,YP_009336575.1 hypothetical protein [Hubei picorna-like virus 29],Parechovirus/889/501-870
383,SRR19115554|k141_291/Parechovirus/1048/3-1035/36.61255166666667,YP_009361997.1,44.4,347,173,5,3,1037,185,513,5.68e-92,303.0,1048,2207,98.8,2026-09-14 00:00:00,YP_009361997.1 polyprotein [parechovirus D1],Parechovirus/1048/3-1035
387,SRR14381429|k141_20403/Kobuvirus/1994/1166-302/4.834158666666666,YP_009111311.1,33.9,584,355,16,1825,95,2201,2760,1.15e-86,300.0,1994,3006,86.8,2026-06-18 00:00:00,YP_009111311.1 polyprotein [Dinocampus coccinellae paralysis virus],Kobuvirus/1994/1166-302
394,SRR30793080|k141_70575/Parechovirus/827/3-822/32.993085,YP_009361997.1,51.3,273,133,0,3,821,1549,1821,1.03e-90,296.0,827,2207,99.0,2026-04-12 00:00:00,YP_009361997.1 polyprotein [parechovirus D1],Parechovirus/827/3-822
402,SRR19115554|k141_13336/Parechovirus/1479/1263-603/1.54967625,YP_009337688.1,38.7,416,246,7,1458,217,590,998,9.33e-87,290.0,1479,1036,84.0,39.5,YP_009337688.1 hypothetical protein 2 [Beihai tombus-like virus 7],Parechovirus/1479/1263-603
410,SRR14381429|k141_16454/Astroviridae/545/542-2/21.431514666666665,YP_009664790.1,70.0,180,54,0,542,3,230,409,1.54e-93,284.0,545,522,99.1,34.5,"YP_009664790.1 non-structural polyprotein 1AB, partial [Bat astrovirus Tm/Guangxi/LD38/2007]",Astroviridae/545/542-2
411,SRR19115554|k141_17661/Astroviridae/813/744-129/1.020271266666667,YP_009330098.1,57.1,240,101,2,750,31,116,353,9.93e-94,283.0,813,353,88.6,67.4,YP_009330098.1 hypothetical protein 3 [Hubei sobemo-like virus 13],Astroviridae/813/744-129
420,SRR19115554|k141_27973/Astroviridae/753/243-597/1.6033527333333335,YP_009337883.1,53.8,247,113,1,6,746,465,710,5.28e-86,277.0,753,964,98.4,2026-05-25 00:00:00,YP_009337883.1 RNA-dependent RNA polymerase [Hubei orthoptera virus 4],Astroviridae/753/243-597
430,SRR14381429|k141_11299/Astroviridae/2061/2058-267/30.53134533333333,YP_003275953.1,49.2,301,139,6,2060,1176,102,394,4.16e-79,270.0,2061,731,42.9,40.1,YP_003275953.1 capsid [HMO Astrovirus A],Astroviridae/2061/2058-267
432,SRR14381429|k141_7561/Parechovirus/662/212-44/1.2849080833333333,YP_007419077.1,62.8,199,73,1,662,66,235,432,5.260000000000001e-86,268.0,662,603,90.2,32.8,YP_007419077.1 RNA-dependent RNA polymerase [Rosellinia necatrix partitivirus 2],Parechovirus/662/212-44
437,SRR19115554|k141_18991/Parechovirus/814/808-4/30.47003666666667,YP_009361997.1,47.3,275,131,3,806,3,920,1187,2.51e-80,266.0,814,2207,98.8,2026-01-12 00:00:00,YP_009361997.1 polyprotein [parechovirus D1],Parechovirus/814/808-4
445,SRR19115554|k141_22087/Astroviridae/856/69-744/1.2665064666666666,YP_009337875.1,59.6,208,83,1,232,855,1,207,5.520000000000001e-85,262.0,856,381,72.9,54.3,YP_009337875.1 hypothetical protein 2 [Hubei diptera virus 14],Astroviridae/856/69-744
448,SRR25884681|k141_20263/Parechovirus/494/428-161/2.054996333333333,YP_009508065.1,77.9,163,36,0,490,2,242,404,2.86e-85,262.0,494,523,99.0,31.2,YP_009508065.1 RNA-dependent RNA polymerase [Cryptosporidium parvum virus 1],Parechovirus/494/428-161
452,SRR19115554|k141_45225/Parechovirus/824/560-2/2.9544625,YP_009336572.1,56.2,217,94,1,650,3,18,234,2.2e-79,259.0,824,899,78.6,2026-01-24 00:00:00,YP_009336572.1 hypothetical protein 2 [Hubei diptera virus 1],Parechovirus/824/560-2
455,SRR25884681|k141_33148/Astroviridae/1908/939-1557/1.1204876,YP_009345118.1,38.4,463,242,14,562,1908,21,454,5.93e-78,258.0,1908,478,70.6,90.8,YP_009345118.1 RdRp [Xingshan nematode virus 5],Astroviridae/1908/939-1557
471,SRR14381429|k141_7484/Astroviridae/526/6-519/18.59602,YP_009664787.1,66.7,171,57,0,1,513,614,784,1.23e-78,252.0,526,816,97.5,21.0,"YP_009664787.1 polyprotein 1AB, partial [Mamastrovirus 18]",Astroviridae/526/6-519
473,SRR19115554|k141_58389/Kobuvirus/1373/501-876/1.7238075333333331,YP_010805777.1,45.0,282,144,4,43,879,9,282,1.59e-79,251.0,1373,304,61.0,90.1,YP_010805777.1 replication-associated protein [Army ant associated cyclovirus 1],Kobuvirus/1373/501-876
474,SRR14381429|k141_35630/Astroviridae/1794/1734-3/38.88828933333333,YP_009047247.1,32.3,585,369,11,1732,38,13,590,8.000000000000002e-72,250.0,1794,861,94.5,67.1,YP_009047247.1 ORF1A nonstructural polyprotein [Bovine astrovirus CH13],Astroviridae/1794/1734-3
485,SRR14381429|k141_100/Kobuvirus/1081/12-981/3.6663706666666656,YP_009336552.1,38.6,376,209,6,10,1080,2454,2826,1.21e-70,243.0,1081,3050,99.1,2026-02-12 00:00:00,YP_009336552.1 hypothetical protein [Hubei tick virus 1],Kobuvirus/1081/12-981
488,SRR19115554|k141_51630/Kobuvirus/1339/943-502/1.3872089333333333,YP_009237526.1,49.2,250,120,4,1315,575,31,276,4.1e-76,242.0,1339,290,55.3,84.8,YP_009237526.1 replication associated protein [Lake Sarah-associated circular virus-14],Kobuvirus/1339/943-502
494,SRR30793080|k141_54573/Astroviridae/5506/4045-3631/2.753790533333333,YP_009831980.1,63.0,181,58,2,3107,2592,1,181,1.1699999999999999e-68,236.0,5506,288,2026-04-09 00:00:00,62.8,YP_009831980.1 endolysin [Aeribacillus phage AP45],Astroviridae/5506/4045-3631
499,SRR19115554|k141_50268/Astroviridae/678/276-630/2.7445350666666664,YP_009346039.1,46.2,234,113,1,14,676,159,392,7.419999999999999e-74,236.0,678,561,97.8,41.7,YP_009346039.1 RdRp [Wuhan insect virus 22],Astroviridae/678/276-630
504,SRR19115554|k141_13828/Astroviridae/653/578-56/1.6650138666666665,YP_009346039.1,51.4,220,104,1,653,3,217,436,4.27e-73,234.0,653,561,99.7,39.2,YP_009346039.1 RdRp [Wuhan insect virus 22],Astroviridae/653/578-56
509,SRR19115554|k141_57010/Kobuvirus/1177/15-912/2.0751092,YP_009272812.1,40.2,343,186,8,15,1013,765,1098,1.28e-66,232.0,1177,2694,84.9,2026-04-12 00:00:00,YP_009272812.1 polyprotein [Washington bat picornavirus],Kobuvirus/1177/15-912
516,SRR14860598|k141_25257/Astroviridae/65715/14799-14580/1.1077443333333332,YP_516202.1,48.0,244,125,2,48863,48138,4,247,1.25e-64,229.0,65715,334,2026-01-01 00:00:00,73.1,YP_516202.1 transposase [Sodalis phage phiSG1],Astroviridae/65715/14799-14580
534,SRR19115554|k141_46085/Kobuvirus/806/800-182/1.7306063333333337,YP_009337003.1,43.3,270,148,4,806,3,2029,2295,2.17e-64,221.0,806,2786,99.8,2026-06-09 00:00:00,YP_009337003.1 hypothetical protein [Hubei picorna-like virus 26],Kobuvirus/806/800-182
535,SRR14381429|k141_14360/Astroviridae/1116/1089-9/30.271394666666662,YP_003090286.1,36.3,347,216,4,1088,63,253,599,5.970000000000001e-63,221.0,1116,1394,91.9,2026-09-24 00:00:00,YP_003090286.1 non-structural protein 1ab [Astrovirus VA1],Astroviridae/1116/1089-9
557,SRR19115554|k141_22573/Astroviridae/790/724-79/1.45727,YP_009330003.1,41.2,257,150,1,779,9,12,267,1.74e-66,213.0,790,374,97.6,68.4,YP_009330003.1 hypothetical protein 2 [Hubei sobemo-like virus 46],Astroviridae/790/724-79
561,SRR19115554|k141_17239/Astroviridae/900/636-888/1.2860031333333335,YP_009333611.1,45.5,253,134,2,136,885,385,636,6.579999999999999e-62,213.0,900,916,83.3,2026-05-27 00:00:00,YP_009333611.1 RNA-dependent RNA polymerase [Beihai shrimp virus 6],Astroviridae/900/636-888
563,SRR19115554|k141_58266/Kobuvirus/1558/327-699/1.3368228666666666,YP_009506296.1,47.5,223,108,4,15,662,57,277,7.73e-64,212.0,1558,279,41.6,79.2,YP_009506296.1 Rep [Bat associated cyclovirus 13],Kobuvirus/1558/327-699
570,SRR19115554|k141_25729/Kobuvirus/2177/452-41/1.3859144666666663,YP_009337161.1,44.6,240,129,3,726,19,279,518,1.12e-55,210.0,2177,3050,32.5,2026-09-07 00:00:00,YP_009337161.1 hypothetical protein [Hubei picorna-like virus 27],Kobuvirus/2177/452-41
572,SRR19115554|k141_46294/Parechovirus/727/706-49/3.815546,YP_009342254.1,46.9,239,125,2,719,6,1756,1993,1.1699999999999999e-60,209.0,727,2243,98.2,2026-06-10 00:00:00,YP_009342254.1 hypothetical protein 1 [Wuhan arthropod virus 3],Parechovirus/727/706-49
573,SRR14381429|k141_31564/Astroviridae/1345/889-247/1.9410114,YP_009329882.1,34.6,416,229,16,1239,91,58,463,2.47e-61,209.0,1345,470,85.4,86.4,YP_009329882.1 RdRp [Wuhan insect virus 23],Astroviridae/1345/889-247
584,SRR19115554|k141_35628/Parechovirus/1263/297-771/1.7994656666666666,YP_009329867.1,37.0,346,203,5,1,1035,108,439,3.02e-61,207.0,1263,452,81.9,73.5,YP_009329867.1 RdRp [Xinzhou partiti-like virus 1],Parechovirus/1263/297-771
593,SRR19115554|k141_23107/Astroviridae/1527/1131-1488/2.0110490000000003,YP_009330098.1,57.0,172,73,1,1004,1519,1,171,1.65e-60,205.0,1527,353,33.8,48.4,YP_009330098.1 hypothetical protein 3 [Hubei sobemo-like virus 13],Astroviridae/1527/1131-1488
596,SRR14381429|k141_18443/Astroviridae/413/3-411/15.220081333333331,YP_009664790.1,68.6,137,43,0,1,411,245,381,1.55e-63,204.0,413,522,99.5,2026-02-26 00:00:00,"YP_009664790.1 non-structural polyprotein 1AB, partial [Bat astrovirus Tm/Guangxi/LD38/2007]",Astroviridae/413/3-411
604,SRR14381429|k141_1519/Parechovirus/1671/1281-1440/1.2065195,YP_009336575.1,2026-06-30 00:00:00,565,347,19,51,1670,2014,2558,2.1599999999999997e-54,202.0,1671,3061,96.9,2026-08-17 00:00:00,YP_009336575.1 hypothetical protein [Hubei picorna-like virus 29],Parechovirus/1671/1281-1440
606,SRR19115554|k141_17897/Parechovirus/701/195-690/4.6241658333333335,YP_009337339.1,42.2,232,126,1,6,701,246,469,4.28e-58,201.0,701,2872,99.3,2026-08-07 00:00:00,YP_009337339.1 hypothetical protein [Hubei tetragnatha maxillosa virus 3],Parechovirus/701/195-690
614,SRR14381429|k141_21415/Kobuvirus/2466/1692-2358/4.346769733333333,YP_009111311.1,2026-05-29 00:00:00,485,313,14,1030,2466,2201,2662,4.86e-51,198.0,2466,3006,58.3,2026-04-15 00:00:00,YP_009111311.1 polyprotein [Dinocampus coccinellae paralysis virus],Kobuvirus/2466/1692-2358
618,SRR19115554|k141_39487/Parechovirus/1422/522-372/1.6302984166666663,YP_009021241.1,41.2,262,132,8,990,217,3,246,5.0200000000000004e-58,197.0,1422,332,54.4,73.5,YP_009021241.1 replication-associated protein [Dragonfly circularisvirus],Parechovirus/1422/522-372
646,SRR14381429|k141_20877/Astroviridae/394/391-1/14.645053333333331,YP_009664787.1,68.5,130,41,0,393,4,577,706,6.36e-57,191.0,394,816,99.0,2026-09-15 00:00:00,"YP_009664787.1 polyprotein 1AB, partial [Mamastrovirus 18]",Astroviridae/394/391-1
649,SRR19115554|k141_44750/Parechovirus/329/281-242/1.0355890151515152,YP_009158862.1,87.5,96,12,0,325,38,181,276,3.73e-61,190.0,329,276,87.5,34.8,YP_009158862.1 replication-associated protein [Cyclovirus TsCyV-1_JP-NUBS-2014],Parechovirus/329/281-242
650,SRR19115554|k141_25912/Kobuvirus/953/596-5/1.6118562,YP_009337003.1,49.7,199,97,3,602,6,2122,2317,5.68e-53,190.0,953,2786,62.6,7.0,YP_009337003.1 hypothetical protein [Hubei picorna-like virus 26],Kobuvirus/953/596-5
656,SRR14381429|k141_33190/Astroviridae/349/346-1/9.955108666666666,YP_009664790.1,70.7,116,34,0,349,2,403,518,4.15e-57,187.0,349,522,99.7,2026-02-22 00:00:00,"YP_009664790.1 non-structural polyprotein 1AB, partial [Bat astrovirus Tm/Guangxi/LD38/2007]",Astroviridae/349/346-1
657,SRR19115554|k141_3826/Parechovirus/2416/1188-2400/2.8073044166666663,YP_009336787.1,28.0,572,377,12,623,2287,1534,2087,1.27e-47,187.0,2416,3290,68.9,2026-08-16 00:00:00,YP_009336787.1 hypothetical protein [Wenzhou picorna-like virus 46],Parechovirus/2416/1188-2400
663,SRR25884681|k141_7067/Parechovirus/338/332-47/1.6505848333333333,YP_009508065.1,80.4,112,22,0,337,2,283,394,5.04e-57,186.0,338,523,99.4,2026-04-21 00:00:00,YP_009508065.1 RNA-dependent RNA polymerase [Cryptosporidium parvum virus 1],Parechovirus/338/332-47
665,SRR19115554|k141_55715/Kobuvirus/527/395-41/1.3367604666666668,YP_009237526.1,54.4,160,69,2,505,26,121,276,4.850000000000001e-58,186.0,527,290,91.1,53.8,YP_009237526.1 replication associated protein [Lake Sarah-associated circular virus-14],Kobuvirus/527/395-41
681,SRR14381429|k141_12914/Astroviridae/373/9-372/10.760616,YP_009664790.1,70.2,121,36,0,10,372,59,179,8.62e-56,184.0,373,522,97.3,2026-02-23 00:00:00,"YP_009664790.1 non-structural polyprotein 1AB, partial [Bat astrovirus Tm/Guangxi/LD38/2007]",Astroviridae/373/9-372
686,SRR30793080|k141_45044/Parechovirus/590/3-573/18.33109,YP_009361997.1,46.7,195,91,2,2,568,1003,1190,5.6e-52,182.0,590,2207,96.1,2026-05-08 00:00:00,YP_009361997.1 polyprotein [parechovirus D1],Parechovirus/590/3-573
687,SRR14381429|k141_5223/Kobuvirus/567/474-48/1.2668322,YP_009330050.1,48.6,185,92,2,566,18,2838,3021,3.1e-52,182.0,567,3029,96.8,2026-01-06 00:00:00,YP_009330050.1 hypothetical protein [Hubei myriapoda virus 1],Kobuvirus/567/474-48
690,SRR14381429|k141_8763/Astroviridae/320/3-318/12.872682666666666,YP_009664790.1,75.5,106,26,0,1,318,162,267,4.45e-55,181.0,320,522,99.4,2026-03-20 00:00:00,"YP_009664790.1 non-structural polyprotein 1AB, partial [Bat astrovirus Tm/Guangxi/LD38/2007]",Astroviridae/320/3-318
703,SRR19115554|k141_6930/Astroviridae/1428/570-1161/1.778265,YP_009329882.1,32.8,384,226,14,137,1225,43,415,9.66e-50,179.0,1428,470,76.3,79.4,YP_009329882.1 RdRp [Wuhan insect virus 23],Astroviridae/1428/570-1161
708,SRR14381429|k141_12125/Astroviridae/412/24-411/10.866093333333334,YP_009664787.1,58.4,137,57,0,1,411,299,435,1.77e-52,179.0,412,816,99.8,2026-08-16 00:00:00,"YP_009664787.1 polyprotein 1AB, partial [Mamastrovirus 18]",Astroviridae/412/24-411
712,SRR14381429|k141_7535/Kobuvirus/1388/545-5/3.0943397333333333,YP_009111311.1,2026-08-31 00:00:00,402,247,12,1201,17,2200,2581,5.620000000000001e-47,177.0,1388,3006,85.4,2026-07-12 00:00:00,YP_009111311.1 polyprotein [Dinocampus coccinellae paralysis virus],Kobuvirus/1388/545-5
716,SRR14381429|k141_18665/Astroviridae/1016/9-1014/21.702033333333336,YP_004782205.1,35.1,345,193,9,4,1014,335,656,2.5299999999999998e-48,176.0,1016,849,99.5,37.9,YP_004782205.1 ORF1a [Mouse astrovirus M-52/USA/2008],Astroviridae/1016/9-1014
721,SRR14381429|k141_27462/Astroviridae/427/57-423/9.169367333333334,YP_009664787.1,60.0,135,54,0,21,425,289,423,1.33e-50,174.0,427,816,94.8,2026-05-16 00:00:00,"YP_009664787.1 polyprotein 1AB, partial [Mamastrovirus 18]",Astroviridae/427/57-423
722,SRR19115554|k141_2298/Astroviridae/511/427-10/1.5298836,YP_009329869.1,50.3,163,80,1,507,19,166,327,8.859999999999999e-52,174.0,511,468,95.7,34.6,YP_009329869.1 RdRp [Beihai barnacle virus 13],Astroviridae/511/427-10
726,SRR14381429|k141_37207/Parechovirus/499/42-351/1.8247928333333332,YP_009329869.1,49.4,166,84,0,2,499,238,403,2.97e-51,172.0,499,468,99.8,35.5,YP_009329869.1 RdRp [Beihai barnacle virus 13],Parechovirus/499/42-351
733,SRR14381429|k141_21729/Astroviridae/347/3-345/10.435078666666668,YP_009505809.1,71.3,115,33,0,1,345,220,334,1.0700000000000001e-49,171.0,347,800,99.4,2026-04-14 00:00:00,YP_009505809.1 capsid protein precursor [Bat astrovirus Hp/Guangxi/LC03/2007],Astroviridae/347/3-345
752,SRR19115554|k141_57705/Astroviridae/1147/45-387/1.7242065333333334,YP_009330096.1,39.4,226,135,2,36,710,137,361,7.579999999999999e-46,167.0,1147,504,58.8,44.6,YP_009330096.1 hypothetical protein 1 [Hubei sobemo-like virus 13],Astroviridae/1147/45-387
753,SRR19115554|k141_50307/Kobuvirus/371/362-182/1.7153095333333332,YP_009513239.1,67.8,121,38,1,366,4,777,896,7.96e-48,166.0,371,2153,97.8,2026-06-05 00:00:00,YP_009513239.1 RNA-dependent RNA polymerase [Solenopsis invicta virus 2],Kobuvirus/371/362-182
754,SRR19115554|k141_44388/Parechovirus/836/833-488/1.9058883333333332,YP_009329985.1,52.8,144,68,0,834,403,1553,1696,2.13e-45,166.0,836,1701,51.7,2026-05-08 00:00:00,YP_009329985.1 hypothetical protein 1 [Hubei picorna-like virus 24],Parechovirus/836/833-488
768,SRR14381429|k141_8521/Astroviridae/463/6-435/9.812180666666666,YP_009505809.1,55.1,158,65,3,1,462,298,453,8.08e-47,164.0,463,800,99.8,2026-05-19 00:00:00,YP_009505809.1 capsid protein precursor [Bat astrovirus Hp/Guangxi/LC03/2007],Astroviridae/463/6-435
779,SRR19115554|k141_30147/Parechovirus/394/379-13/3.7924775,NP_620560.1,62.7,126,47,0,380,3,1419,1544,1.1e-45,160.0,394,1777,95.9,2026-01-07 00:00:00,NP_620560.1 nonstructural protein precursor [Himetobi P virus],Parechovirus/394/379-13
798,SRR19115554|k141_37159/Astroviridae/568/78-504/2.061798666666667,YP_009329882.1,46.6,189,94,3,1,567,171,352,1.92e-45,158.0,568,470,99.8,38.7,YP_009329882.1 RdRp [Wuhan insect virus 23],Astroviridae/568/78-504
803,SRR19115554|k141_2335/Parechovirus/642/333-636/1.3252515,YP_009337003.1,37.9,195,121,0,56,640,1205,1399,4.11e-43,157.0,642,2786,91.1,7.0,YP_009337003.1 hypothetical protein [Hubei picorna-like virus 26],Parechovirus/642/333-636
805,SRR19115554|k141_40602/Kobuvirus/2047/547-97/1.0732317333333334,YP_009333571.1,31.9,317,198,8,973,41,1775,2079,1.58e-38,157.0,2047,2536,45.6,12.0,YP_009333571.1 hypothetical protein 1 [Beihai sea slater virus 2],Kobuvirus/2047/547-97
806,SRR19115554|k141_2602/Parechovirus/2384/1383-1530/1.195744666666667,YP_009259708.1,32.2,326,191,12,902,1834,24,334,3.58e-41,157.0,2384,360,39.1,86.4,YP_009259708.1 replication associated protein [Chimpanzee faeces associated circular DNA virus 1],Parechovirus/2384/1383-1530
810,SRR14381429|k141_33469/Parechovirus/533/503-122/2.52531275,YP_009330050.1,54.1,135,62,0,497,93,2650,2784,2.0800000000000002e-43,156.0,533,3029,76.0,2026-05-04 00:00:00,YP_009330050.1 hypothetical protein [Hubei myriapoda virus 1],Parechovirus/533/503-122
815,SRR19115554|k141_57758/Parechovirus/561/36-510/3.3717645,YP_009315868.1,41.1,185,101,2,12,545,1600,1783,9.78e-43,155.0,561,1965,95.2,2026-04-09 00:00:00,YP_009315868.1 nonstructural protein [Centovirus AC],Parechovirus/561/36-510
836,SRR19115554|k141_25905/Astroviridae/1592/1553-1151/1.835042,YP_009342306.1,33.4,311,189,7,1569,688,171,480,2.48e-38,151.0,1592,584,55.4,53.1,YP_009342306.1 hypothetical protein 1 [Wuhan arthropod virus 4],Astroviridae/1592/1553-1151
857,SRR30793080|k141_65151/Parechovirus/356/353-2/13.999654166666666,YP_009361997.1,64.3,115,40,1,348,4,1833,1946,2.61e-41,147.0,356,2207,96.9,2026-02-05 00:00:00,YP_009361997.1 polyprotein [parechovirus D1],Parechovirus/356/353-2
861,SRR19115554|k141_46316/Astroviridae/395/350-8/1.61799,YP_009329869.1,49.2,130,66,0,394,5,260,389,7.229999999999999e-42,146.0,395,468,98.7,2026-08-27 00:00:00,YP_009329869.1 RdRp [Beihai barnacle virus 13],Astroviridae/395/350-8
866,SRR14381429|k141_34269/Astroviridae/301/15-300/7.491044,YP_009664790.1,66.7,96,32,0,14,301,422,517,6.3e-42,146.0,301,522,95.7,2026-04-18 00:00:00,"YP_009664790.1 non-structural polyprotein 1AB, partial [Bat astrovirus Tm/Guangxi/LD38/2007]",Astroviridae/301/15-300
870,SRR19115554|k141_48989/Parechovirus/1322/195-402/1.49462225,YP_009259728.1,40.7,214,112,7,3,632,79,281,2.19e-39,145.0,1322,281,47.7,72.2,YP_009259728.1 putative Rep protein [Circovirus-like genome DCCV-5],Parechovirus/1322/195-402
879,SRR19115554|k141_17832/Parechovirus/341/21-243/1.2740250833333333,YP_009337161.1,56.3,112,49,0,4,339,379,490,4.79e-40,144.0,341,3050,98.5,2026-07-03 00:00:00,YP_009337161.1 hypothetical protein [Hubei picorna-like virus 27],Parechovirus/341/21-243
883,SRR14381429|k141_1045/Parechovirus/869/252-831/2.932958,YP_009330050.1,33.7,243,154,4,118,840,1373,1610,3.1400000000000003e-37,143.0,869,3029,83.2,2026-09-07 00:00:00,YP_009330050.1 hypothetical protein [Hubei myriapoda virus 1],Parechovirus/869/252-831
884,SRR19115554|k141_57956/Parechovirus/868/129-801/4.94903375,YP_415507.1,31.0,281,182,4,10,849,2950,3219,4.3000000000000005e-37,143.0,868,3436,96.8,2026-09-07 00:00:00,YP_415507.1 polyprotein [Kelp fly virus],Parechovirus/868/129-801
919,SRR19115554|k141_7704/Parechovirus/363/273-42/1.3754188333333337,YP_009337003.1,53.3,120,56,0,363,4,206,325,2.4000000000000003e-37,136.0,363,2786,99.2,2026-03-04 00:00:00,YP_009337003.1 hypothetical protein [Hubei picorna-like virus 26],Parechovirus/363/273-42
920,SRR14381429|k141_7491/Parechovirus/1527/810-375/3.486640833333333,YP_052856.2,2026-08-31 00:00:00,358,201,13,1292,306,99,442,2e-33,136.0,1527,539,64.6,63.8,YP_052856.2 RNA-dependent RNA polymerase [Penicillium stoloniferum virus S],Parechovirus/1527/810-375
923,SRR19115554|k141_48307/Parechovirus/282/162-279/1.0642609583333331,YP_009337003.1,66.3,92,31,0,5,280,2515,2606,1.04e-37,136.0,282,2786,97.9,2026-03-03 00:00:00,YP_009337003.1 hypothetical protein [Hubei picorna-like virus 26],Parechovirus/282/162-279
930,SRR19115554|k141_50677/Kobuvirus/555/12-552/1.4467576666666666,YP_009345015.1,39.4,188,109,4,2,553,1772,1958,6.54e-36,135.0,555,2530,99.5,2026-04-07 00:00:00,YP_009345015.1 hypothetical protein 1 [Wuhan spider virus 5],Kobuvirus/555/12-552
934,SRR19115554|k141_12339/Kobuvirus/2816/1277-572/1.120376466666667,YP_009336506.1,26.0,384,270,5,1178,30,259,629,4.75e-31,135.0,2816,2234,40.8,2026-06-16 00:00:00,YP_009336506.1 hypothetical protein 1 [Hubei orthoptera virus 3],Kobuvirus/2816/1277-572
960,SRR14381429|k141_8014/Astroviridae/401/395-2/13.254741333333332,YP_003090286.1,47.0,134,70,1,401,3,446,579,2.12e-35,131.0,401,1394,99.5,2026-06-09 00:00:00,YP_003090286.1 non-structural protein 1ab [Astrovirus VA1],Astroviridae/401/395-2
963,SRR19115554|k141_47054/Parechovirus/343/54-303/1.4745936666666666,YP_009337003.1,53.1,113,52,1,1,336,158,270,2.6100000000000003e-35,130.0,343,2786,98.0,2026-01-04 00:00:00,YP_009337003.1 hypothetical protein [Hubei picorna-like virus 26],Parechovirus/343/54-303
975,SRR30793080|k141_49925/Parechovirus/410/3-393/15.1303275,YP_009505617.1,48.8,129,64,1,3,389,154,280,1.15e-34,129.0,410,2180,94.4,2026-08-05 00:00:00,YP_009505617.1 polyprotein [parechovirus A1],Parechovirus/410/3-393
980,SRR14381429|k141_12097/Kobuvirus/619/529-16/3.236349333333333,YP_009111311.1,36.7,199,120,4,604,17,2386,2581,3.67e-33,128.0,619,3006,95.0,2026-05-06 00:00:00,YP_009111311.1 polyprotein [Dinocampus coccinellae paralysis virus],Kobuvirus/619/529-16
1014,SRR19115554|k141_52366/Parechovirus/4529/132-1125/6.4281145833333335,YP_009337178.1,2026-05-26 00:00:00,388,243,7,19,1074,1932,2313,6.36e-27,124.0,4529,3547,2026-03-23 00:00:00,2026-08-10 00:00:00,YP_009337178.1 hypothetical protein [Hubei coleoptera virus 2],Parechovirus/4529/132-1125
1017,SRR14381429|k141_22081/Astroviridae/427/421-40/6.888099666666666,YP_009505809.1,48.6,146,64,3,427,2,351,489,1.39e-32,124.0,427,800,99.8,2026-04-17 00:00:00,YP_009505809.1 capsid protein precursor [Bat astrovirus Hp/Guangxi/LC03/2007],Astroviridae/427/421-40
1023,SRR19115554|k141_53939/Parechovirus/418/48-258/1.2489771666666667,YP_009417301.1,42.6,129,74,0,18,404,403,531,1.65e-32,123.0,418,811,92.6,2026-09-15 00:00:00,YP_009417301.1 RdRp [Australian Anopheles totivirus],Parechovirus/418/48-258
1028,SRR19115554|k141_21057/Parechovirus/920/219-369/1.7189434166666666,YP_009259728.1,39.2,194,105,7,5,583,94,275,6.27e-32,122.0,920,281,62.9,64.8,YP_009259728.1 putative Rep protein [Circovirus-like genome DCCV-5],Parechovirus/920/219-369
1074,SRR19115554|k141_10107/Astroviridae/326/51-159/1.0153615333333332,YP_009333370.1,53.2,109,50,1,1,324,191,299,3.3999999999999997e-31,117.0,326,545,99.4,20.0,YP_009333370.1 RdRp [Beihai barnacle virus 12],Astroviridae/326/51-159
1075,SRR19115554|k141_1411/Parechovirus/604/33-567/2.5908778333333333,YP_009505598.1,36.9,187,114,4,19,573,1324,1508,4.4000000000000004e-29,116.0,604,2986,91.9,2026-02-06 00:00:00,YP_009505598.1 polypeptide [Lygus lineolaris virus 1],Parechovirus/604/33-567
1091,SRR14381429|k141_1337/Parechovirus/368/6-333/2.320245416666667,YP_009330055.1,49.1,108,55,0,18,341,2485,2592,1.2100000000000001e-29,114.0,368,2760,88.0,2026-09-03 00:00:00,YP_009330055.1 hypothetical protein [Hubei picorna-like virus 31],Parechovirus/368/6-333
1096,SRR14381429|k141_19556/Astroviridae/451/51-447/6.296417333333333,YP_009505809.1,85.1,67,8,1,255,449,46,112,4.21e-29,114.0,451,800,43.2,2026-04-08 00:00:00,YP_009505809.1 capsid protein precursor [Bat astrovirus Hp/Guangxi/LC03/2007],Astroviridae/451/51-447
1103,SRR30793080|k141_12115/Astroviridae/1630/166-49/2.0482953333333334,YP_009199114.1,31.0,271,169,6,1339,566,18,283,8.61e-27,113.0,1630,290,47.5,91.7,YP_009199114.1 integrase [Brevibacillus phage Jenst],Astroviridae/1630/166-49
1108,SRR19115554|k141_55617/Parechovirus/526/508-85/9.807678333333332,YP_009361997.1,42.8,166,91,3,500,9,614,777,3.82e-28,112.0,526,2207,93.5,2026-04-07 00:00:00,YP_009361997.1 polyprotein [parechovirus D1],Parechovirus/526/508-85
1145,SRR19115554|k141_32027/Parechovirus/331/325-7/11.327608333333332,YP_009361997.1,41.1,107,61,1,331,11,317,421,1.08e-27,108.0,331,2207,97.0,2026-08-04 00:00:00,YP_009361997.1 polyprotein [parechovirus D1],Parechovirus/331/325-7
1148,SRR19115554|k141_47805/Parechovirus/284/272-65/1.6376755833333334,YP_009336584.1,55.8,95,35,2,284,3,75,163,4.04e-28,108.0,284,825,99.3,2026-08-10 00:00:00,YP_009336584.1 hypothetical protein 2 [Hubei picorna-like virus 16],Parechovirus/284/272-65
1152,SRR19115554|k141_18353/Kobuvirus/392/9-150/1.3620533333333331,YP_009351873.1,50.0,94,44,2,5,286,99,189,1.1599999999999999e-28,107.0,392,244,71.9,37.3,YP_009351873.1 Rep [Circovirus sp.],Kobuvirus/392/9-150
1181,SRR19115554|k141_37683/Parechovirus/258/252-33/1.3414666666666666,YP_009337161.1,56.6,83,36,0,257,9,436,518,1.2e-26,104.0,258,3050,96.5,2026-07-02 00:00:00,YP_009337161.1 hypothetical protein [Hubei picorna-like virus 27],Parechovirus/258/252-33
1184,SRR19115554|k141_21546/Parechovirus/303/249-24/2.56487275,YP_009337003.1,44.9,98,53,1,299,6,1350,1446,4.14e-26,103.0,303,2786,97.0,2026-05-03 00:00:00,YP_009337003.1 hypothetical protein [Hubei picorna-like virus 26],Parechovirus/303/249-24
1203,SRR14381429|k141_19354/Astroviridae/1781/950-788/1.0335926,YP_010804469.1,33.1,248,143,12,981,265,27,260,1.02e-21,101.0,1781,458,40.3,51.1,YP_010804469.1 hypothetical protein QKU58_gp065 [Pyramimonas orientalis virus],Astroviridae/1781/950-788
1207,SRR30793080|k141_40396/Astroviridae/302/21-264/1.9200094666666667,NP_620109.1,52.7,91,42,1,14,283,559,649,6.6e-25,100.0,302,973,89.4,2026-04-09 00:00:00,NP_620109.1 protein A [Pariacoto virus],Astroviridae/302/21-264
1218,SRR14381429|k141_10711/Kobuvirus/1015/669-1002/2.2284390666666667,YP_009342321.1,2026-01-29 00:00:00,320,186,12,90,1013,2197,2487,1.04e-21,99.8,1015,2976,91.0,2026-08-09 00:00:00,YP_009342321.1 hypothetical protein [Wuhan insect virus 13],Kobuvirus/1015/669-1002
1219,SRR14381429|k141_3170/Astroviridae/1564/267-705/1.6106866666666666,YP_010804469.1,36.5,252,135,12,256,978,29,266,3.0200000000000004e-21,99.8,1564,458,46.2,52.0,YP_010804469.1 hypothetical protein QKU58_gp065 [Pyramimonas orientalis virus],Astroviridae/1564/267-705
1220,SRR19115554|k141_40863/Parechovirus/283/235-13/2.502943,YP_009337003.1,46.2,91,48,1,276,4,1354,1443,9.94e-25,99.4,283,2786,96.5,2026-02-03 00:00:00,YP_009337003.1 hypothetical protein [Hubei picorna-like virus 26],Parechovirus/283/235-13
1230,SRR19115554|k141_44055/Parechovirus/282/228-9/2.5211169166666667,YP_009337003.1,45.1,91,49,1,278,6,1350,1439,1.7799999999999994e-24,98.6,282,2786,96.8,2026-02-03 00:00:00,YP_009337003.1 hypothetical protein [Hubei picorna-like virus 26],Parechovirus/282/228-9
1233,SRR14381429|k141_3273/Astroviridae/1390/132-717/1.4528395333333333,YP_010804469.1,35.1,248,140,11,275,988,29,265,4.78e-21,98.6,1390,458,51.4,51.7,YP_010804469.1 hypothetical protein QKU58_gp065 [Pyramimonas orientalis virus],Astroviridae/1390/132-717
1247,SRR14381429|k141_5548/Astroviridae/1526/405-579/1.6581703333333333,YP_010804469.1,33.6,259,143,13,349,1086,29,271,1.62e-20,97.4,1526,458,48.4,53.1,YP_010804469.1 hypothetical protein QKU58_gp065 [Pyramimonas orientalis virus],Astroviridae/1526/405-579
1263,SRR14381429|k141_24712/Astroviridae/1010/821-227/1.7145927333333333,YP_010804469.1,34.1,185,109,5,673,122,27,199,6.070000000000001e-21,96.3,1010,458,54.7,37.8,YP_010804469.1 hypothetical protein QKU58_gp065 [Pyramimonas orientalis virus],Astroviridae/1010/821-227
1278,SRR14381429|k141_10743/Astroviridae/960/279-708/1.729171,YP_010804469.1,31.0,239,146,8,264,959,27,253,1.14e-20,95.1,960,458,72.5,49.6,YP_010804469.1 hypothetical protein QKU58_gp065 [Pyramimonas orientalis virus],Astroviridae/960/279-708
1283,SRR14381429|k141_21262/Astroviridae/918/183-750/1.2414858666666668,YP_010804469.1,37.6,170,88,7,313,801,28,186,1.22e-20,94.7,918,458,53.3,34.7,YP_010804469.1 hypothetical protein QKU58_gp065 [Pyramimonas orientalis virus],Astroviridae/918/183-750
1302,SRR14381429|k141_18116/Astroviridae/1358/1037-809/1.6633252666666667,YP_010804469.1,32.4,253,142,12,1074,355,35,271,2.74e-19,93.2,1358,458,53.0,51.7,YP_010804469.1 hypothetical protein QKU58_gp065 [Pyramimonas orientalis virus],Astroviridae/1358/1037-809
1305,SRR14860598|k141_13663/Astroviridae/1698/702-201/1.7937333333333332,YP_010804469.1,39.5,162,82,7,620,144,38,186,5.37e-19,93.2,1698,458,2026-01-28 00:00:00,32.5,YP_010804469.1 hypothetical protein QKU58_gp065 [Pyramimonas orientalis virus],Astroviridae/1698/702-201
1306,SRR19115554|k141_26850/Parechovirus/249/231-12/2.5163069166666667,YP_009337003.1,48.8,80,40,1,243,4,1365,1443,1.26e-22,92.8,249,2786,96.4,2026-08-02 00:00:00,YP_009337003.1 hypothetical protein [Hubei picorna-like virus 26],Parechovirus/249/231-12
1307,SRR14860657|k141_1579/Astroviridae/1072/420-645/1.580911,YP_010804469.1,32.5,243,135,12,383,1072,35,261,1.29e-19,92.8,1072,458,64.4,49.6,YP_010804469.1 hypothetical protein QKU58_gp065 [Pyramimonas orientalis virus],Astroviridae/1072/420-645
1321,SRR19115554|k141_36085/Parechovirus/255/45-240/1.20025325,YP_009337161.1,55.3,76,34,0,14,241,426,501,3.33e-22,91.7,255,3050,89.4,2026-05-02 00:00:00,YP_009337161.1 hypothetical protein [Hubei picorna-like virus 27],Parechovirus/255/45-240
1325,SRR14381429|k141_24921/Astroviridae/1555/1087-868/1.2275542,YP_010804469.1,32.8,247,137,12,1118,417,38,268,2.43e-18,90.9,1555,458,45.1,50.4,YP_010804469.1 hypothetical protein QKU58_gp065 [Pyramimonas orientalis virus],Astroviridae/1555/1087-868
1339,SRR14381429|k141_8552/Parechovirus/397/340-16/1.367212,YP_009330050.1,45.3,117,59,3,345,1,247,360,7.49e-21,90.1,397,3029,86.9,2026-08-03 00:00:00,YP_009330050.1 hypothetical protein [Hubei myriapoda virus 1],Parechovirus/397/340-16
1366,SRR14381429|k141_14851/Parechovirus/373/352-235/1.56391525,YP_009336575.1,41.0,117,65,1,368,18,2443,2555,4.73e-20,87.4,373,3061,94.1,2026-07-03 00:00:00,YP_009336575.1 hypothetical protein [Hubei picorna-like virus 29],Parechovirus/373/352-235
1390,SRR14381429|k141_9697/Astroviridae/635/222-633/1.1209387333333334,YP_010804469.1,39.2,130,70,3,227,613,38,159,2.51e-18,85.5,635,458,60.9,2026-06-26 00:00:00,YP_010804469.1 hypothetical protein QKU58_gp065 [Pyramimonas orientalis virus],Astroviridae/635/222-633
1409,SRR14381429|k141_23922/Astroviridae/351/3-327/3.8162842,YP_009664787.1,38.9,126,63,5,2,349,121,242,7.69e-19,83.6,351,816,99.1,15.0,"YP_009664787.1 polyprotein 1AB, partial [Mamastrovirus 18]",Astroviridae/351/3-327
1410,SRR19115554|k141_25193/Parechovirus/325/75-108/1.1413431481481482,YP_009203599.1,62.0,71,26,1,13,225,113,182,2.46e-20,83.6,325,184,65.5,38.0,YP_009203599.1 endolysin [Acinetobacter phage YMC11/12/R2315],Parechovirus/325/75-108
1416,SRR19115554|k141_40711/Parechovirus/362/51-315/1.1894440833333333,YP_009336630.1,40.7,113,64,2,1,339,1751,1860,1.28e-18,83.2,362,2578,93.6,2026-03-04 00:00:00,YP_009336630.1 hypothetical protein 1 [Changjiang crawfish virus 6],Parechovirus/362/51-315
1417,SRR19115554|k141_43299/Astroviridae/400/397-82/2.3946533333333333,YP_009333370.1,39.8,133,64,4,395,42,235,366,1.75e-18,83.2,400,545,88.5,2026-02-24 00:00:00,YP_009333370.1 RdRp [Beihai barnacle virus 12],Astroviridae/400/397-82
1451,SRR14381429|k141_33126/Astroviridae/1013/69-372/1.1630189333333334,YP_010804469.1,2026-04-28 00:00:00,250,141,9,204,908,34,260,2.58e-15,79.7,1013,458,69.6,49.6,YP_010804469.1 hypothetical protein QKU58_gp065 [Pyramimonas orientalis virus],Astroviridae/1013/69-372
1469,SRR14381429|k141_20541/Astroviridae/1606/1441-1156/1.0374612666666667,YP_010804469.1,2026-06-28 00:00:00,262,152,10,1325,573,34,271,3.44e-14,78.2,1606,458,46.9,52.0,YP_010804469.1 hypothetical protein QKU58_gp065 [Pyramimonas orientalis virus],Astroviridae/1606/1441-1156
1472,SRR14381429|k141_18522/Astroviridae/1079/944-590/1.1787722,YP_009001035.1,2026-05-30 00:00:00,200,112,6,880,356,39,236,1.19e-14,78.2,1079,496,48.7,39.9,YP_009001035.1 PDZ serine protease [Pithovirus sibericum],Astroviridae/1079/944-590
1481,SRR19115554|k141_4121/Parechovirus/372/45-345/2.4903816666666665,YP_009337750.1,32.5,117,74,2,1,342,310,424,2.92e-16,76.6,372,2924,91.9,2026-09-03 00:00:00,YP_009337750.1 hypothetical protein [Hubei picorna-like virus 41],Parechovirus/372/45-345
1497,SRR14381429|k141_4139/Astroviridae/1191/201-483/1.0710586666666666,YP_010804469.1,2026-03-29 00:00:00,246,144,10,314,1018,34,260,2.1e-13,74.7,1191,458,59.2,49.6,YP_010804469.1 hypothetical protein QKU58_gp065 [Pyramimonas orientalis virus],Astroviridae/1191/201-483
1505,SRR14381429|k141_24860/Astroviridae/1094/977-845/1.1552702666666663,YP_010804469.1,2026-09-25 00:00:00,259,168,10,1026,280,30,274,2.85e-13,73.9,1094,458,68.3,53.5,YP_010804469.1 hypothetical protein QKU58_gp065 [Pyramimonas orientalis virus],Astroviridae/1094/977-845
1514,SRR19115554|k141_49445/Parechovirus/431/18-369/2.00357975,YP_009336736.1,2026-07-31 00:00:00,120,80,2,17,373,135,253,6.7e-15,73.6,431,2654,82.8,2026-05-04 00:00:00,YP_009336736.1 hypothetical protein [Wenling picorna-like virus 9],Parechovirus/431/18-369
1518,SRR30793080|k141_82259/Kobuvirus/573/69-390/1.4453856,YP_009336820.1,32.1,159,100,5,19,495,2815,2965,3.96e-14,73.2,573,4206,83.2,2026-06-03 00:00:00,YP_009336820.1 hypothetical protein [Hubei picorna-like virus 53],Kobuvirus/573/69-390
1533,SRR30793080|k141_96833/Astroviridae/1018/318-645/1.9945724666666669,YP_010804469.1,2026-04-30 00:00:00,161,95,5,372,839,38,186,9.43e-13,72.0,1018,458,46.0,32.5,YP_010804469.1 hypothetical protein QKU58_gp065 [Pyramimonas orientalis virus],Astroviridae/1018/318-645
1540,SRR14381429|k141_17603/Astroviridae/874/12-849/10.147082666666668,YP_004782205.1,2026-06-27 00:00:00,250,157,8,2,700,21,263,9.46e-13,71.6,874,849,80.0,2026-06-28 00:00:00,YP_004782205.1 ORF1a [Mouse astrovirus M-52/USA/2008],Astroviridae/874/12-849
1554,SRR14381429|k141_26778/Astroviridae/947/78-228/1.1214638,YP_010804469.1,2026-02-26 00:00:00,244,156,8,67,771,37,265,3.14e-12,70.1,947,458,74.4,50.0,YP_010804469.1 hypothetical protein QKU58_gp065 [Pyramimonas orientalis virus],Astroviridae/947/78-228
1587,SRR33769988|k141_369928/Astroviridae/542/117-162/1.0379201851851851,YP_009665762.1,2026-01-31 00:00:00,122,81,2,365,9,211,332,3.45e-12,67.0,542,799,65.9,2026-03-15 00:00:00,YP_009665762.1 19.5g1 protein [Bracoviriform inaniti],Astroviridae/542/117-162
1595,SRR19115554|k141_25452/Astroviridae/534/48-489/1.77862,YP_010804469.1,37.7,159,82,7,64,534,38,181,5.29e-12,66.2,534,458,88.2,31.4,YP_010804469.1 hypothetical protein QKU58_gp065 [Pyramimonas orientalis virus],Astroviridae/534/48-489
1597,SRR14381429|k141_32245/Astroviridae/1057/784-349/1.2190293333333335,YP_010804469.1,2026-09-27 00:00:00,172,110,4,511,8,37,198,1.51e-10,65.5,1057,458,47.7,35.4,YP_010804469.1 hypothetical protein QKU58_gp065 [Pyramimonas orientalis virus],Astroviridae/1057/784-349
1598,SRR19115554|k141_35412/Parechovirus/251/9-249/1.1321570833333332,YP_009337003.1,35.4,82,53,0,4,249,1313,1394,5.13e-13,65.5,251,2786,98.0,2026-09-02 00:00:00,YP_009337003.1 hypothetical protein [Hubei picorna-like virus 26],Parechovirus/251/9-249
1611,SRR14381429|k141_28261/Astroviridae/923/782-482/1.1914064000000002,YP_010804469.1,32.8,174,96,7,669,166,28,186,1.74e-10,64.7,923,458,54.6,34.7,YP_010804469.1 hypothetical protein QKU58_gp065 [Pyramimonas orientalis virus],Astroviridae/923/782-482
1614,SRR33769988|k141_770/Mamastrovirus/470/15-42/1.0897690566037734,YP_010804209.1,36.4,88,51,2,114,371,214,298,9.77e-12,64.3,470,305,54.9,2026-09-27 00:00:00,YP_010804209.1 hypothetical protein QKU48_gp1326 [Fadolivirus algeromassiliense],Mamastrovirus/470/15-42
1615,SRR14381429|k141_24148/Astroviridae/1277/360-522/1.3629700666666666,YP_010804469.1,28.0,182,107,6,365,895,36,198,5.83e-10,64.3,1277,458,41.6,35.6,YP_010804469.1 hypothetical protein QKU58_gp065 [Pyramimonas orientalis virus],Astroviridae/1277/360-522
1618,SRR19115554|k141_52377/Astroviridae/2375/192-663/1.6514636,YP_010804469.1,2026-01-28 00:00:00,288,166,12,248,1027,38,312,2.27e-09,63.9,2375,458,32.8,60.0,YP_010804469.1 hypothetical protein QKU58_gp065 [Pyramimonas orientalis virus],Astroviridae/2375/192-663
1644,SRR14381429|k141_2026/Astroviridae/934/388-205/1.2648887333333334,YP_010804469.1,36.7,128,69,4,378,1,36,153,1.05e-09,62.4,934,458,40.5,2026-08-25 00:00:00,YP_010804469.1 hypothetical protein QKU58_gp065 [Pyramimonas orientalis virus],Astroviridae/934/388-205
1653,SRR14381429|k141_30267/Astroviridae/482/473-56/2.1533686666666667,YP_009333547.1,34.0,100,58,1,482,183,1659,1750,1.58e-10,61.6,482,1863,62.2,2026-09-04 00:00:00,YP_009333547.1 hypothetical protein 1 [Beihai picorna-like virus 72],Astroviridae/482/473-56
1666,SRR33769988|k141_114498/Parechovirus/3400/129-174/1.07614632,YP_009665762.1,2026-08-24 00:00:00,161,115,4,2150,1677,235,392,5.06e-08,60.8,3400,799,2026-09-13 00:00:00,2026-08-19 00:00:00,YP_009665762.1 19.5g1 protein [Bracoviriform inaniti],Parechovirus/3400/129-174
1672,SRR14381429|k141_31426/Astroviridae/557/452-8/8.553930666666668,YP_009047079.1,30.2,139,93,2,417,7,261,397,9.66e-10,60.1,557,888,73.8,2026-04-15 00:00:00,YP_009047079.1 ORF1a [Human astrovirus BF34],Astroviridae/557/452-8
1699,SRR19115554|k141_44757/Astroviridae/638/623-5/7.976410933333333,YP_007003831.1,37.0,92,58,0,494,219,80,171,5.81e-09,58.5,638,844,43.3,2026-09-10 00:00:00,YP_007003831.1 ORF1a [Porcine astrovirus 3],Astroviridae/638/623-5
1718,SRR14381429|k141_9148/Parechovirus/311/245-17/2.0924789166666664,YP_009380529.1,32.4,102,67,2,304,2,119,219,1e-09,57.0,311,752,97.4,2026-04-13 00:00:00,"YP_009380529.1 polyprotein, partial [Aphis glycines virus 3]",Parechovirus/311/245-17
1778,SRR19115554|k141_22664/Astroviridae/949/324-840/2.595138,YP_010796452.1,2026-08-23 00:00:00,193,140,3,294,851,3556,3748,9.72e-07,53.9,949,3898,58.8,5.0,YP_010796452.1 polyprotein [Bovine viral diarrhea virus 1-SD1],Astroviridae/949/324-840
1828,SRR33769988|k141_39152/Parechovirus/501/354-393/1.0469258196721312,YP_010805169.1,61.8,34,13,0,1,102,381,414,1.66e-06,50.1,501,714,2026-04-20 00:00:00,2026-08-04 00:00:00,YP_010805169.1 polymerase polyprotein [Metaplexis yellow mottle-associated virus],Parechovirus/501/354-393
1846,SRR14381429|k141_20562/Astroviridae/398/395-95/4.641680666666667,NP_059944.1,35.5,110,63,3,360,46,99,205,1.73e-06,48.9,398,844,79.1,2026-07-12 00:00:00,"NP_059944.1 nonstructural protein, putative serine protase [Mamastrovirus 13]",Astroviridae/398/395-95
1863,SRR14381429|k141_36906/Astroviridae/540/78-393/1.5869406666666668,YP_010804469.1,33.3,102,61,4,235,522,38,138,9.08e-06,48.1,540,458,53.3,2026-01-22 00:00:00,YP_010804469.1 hypothetical protein QKU58_gp065 [Pyramimonas orientalis virus],Astroviridae/540/78-393
1865,SRR14860657|k141_15923/Astroviridae/425/347-176/1.77037,YP_010804469.1,34.3,108,62,4,348,40,33,136,3.76e-06,48.1,425,458,72.7,2026-07-22 00:00:00,YP_010804469.1 hypothetical protein QKU58_gp065 [Pyramimonas orientalis virus],Astroviridae/425/347-176
1874,SRR14381429|k141_9829/Astroviridae/797/411-768/1.0471452,YP_010804469.1,40.4,57,34,0,606,776,38,94,5.45e-05,47.4,797,458,2026-05-21 00:00:00,2026-04-12 00:00:00,YP_010804469.1 hypothetical protein QKU58_gp065 [Pyramimonas orientalis virus],Astroviridae/797/411-768
1888,SRR14860657|k141_10584/Astroviridae/350/24-111/2.0966952,NP_510960.1,2026-03-29 00:00:00,58,41,0,6,179,215,272,5.72e-06,46.6,350,280,49.7,2026-07-20 00:00:00,NP_510960.1 hypothetical protein phiETA_66 [Staphylococcus phage phiETA],Astroviridae/350/24-111
1957,SRR30793080|k141_38541/Astroviridae/346/105-300/2.1277484666666666,YP_002117594.1,39.1,69,41,1,116,322,57,124,0.000128,42.7,346,299,59.8,2026-07-22 00:00:00,YP_002117594.1 protease [Rhizobium phage 16-3],Astroviridae/346/105-300
